ObjectID,GlobalID,CreationDate,Creator,EditDate,Editor,Date and Time,Eelgrass coverage/density,Other - Eelgrass coverage/density,Bottom Type,Other - Bottom Type,Edge Present (patchiness),Motile Organisms,Other - Motile Organisms,Tunicates and other adhered organisms,Other - Tunicates and other adhered organisms,Algae Survey (not adhered to eelgrass),Reproduction,Other - Reproduction,Techniques deployed here,Other - Techniques deployed here,Researchers' Name/s,"filename of footage, tracks etc.",Length of Longest Leaf,Shoot Width,Number of leaves per plant,x,y
1,eff81d37-fc3e-4ff6-9677-e8443fea1711,7/11/2019 5:17:37 PM,susangbryant_Cohasset,7/11/2019 5:17:37 PM,susangbryant_Cohasset,7/11/2019 5:16:00 PM,50,,"clay_harder_than_mud,mud_more_slick_than_sand,solid_granite_rock,stony_cobble",,all_the_same_no_edge,"periwinkle_snail,fish,lobster,moon_snail,green_crab",,"larger_than_1_cm,none_found",,"filamentous_like_hairfur,red,dendritictreelike",seed_podsbranchiness,,"float_over,swimmers_in_50_radius_observing,ysi",,LC SB,,,,,-70.7872909527684,42.2389205585744
2,6e8df467-3790-4cc9-9b19-c57f32944c6b,7/11/2019 6:12:31 PM,susangbryant_Cohasset,7/11/2019 6:12:31 PM,susangbryant_Cohasset,7/11/2019 5:52:00 PM,50,,sand,,edge_visible_within_3_meters,hermit_crab,,"smaller_than_1_cm,larger_than_1_cm,orange",,filamentous_like_hairfur,"seed_podsbranchiness,solo_colonizing_plant_from_seed",,float_over,,Lc sb,,,,,-70.7815767825309,42.2469346085957
3,b9b2b3d4-20f0-4f9e-8e6b-fac39e713964,7/11/2019 6:25:14 PM,susangbryant_Cohasset,7/11/2019 6:25:14 PM,susangbryant_Cohasset,7/11/2019 6:20:00 PM,1_solo_colonizing_plant,,sand,,edge_visible_within_3_meters,other,Two worms,none_found,,filamentous_like_hairfur,solo_colonizing_plant_from_seed,,"float_over,other",Wading,Lc SB,,,,,-70.7810281869683,42.245645723345
4,8f056208-f66c-4348-9551-86d3a4eaac5c,7/12/2019 6:17:02 PM,susangbryant_Cohasset,7/12/2019 6:17:02 PM,susangbryant_Cohasset,7/12/2019 5:56:00 PM,50,,"shells,stony_cobble,gravel",,edge_visible_within_3_meters,"moon_snail,hermit_crab,periwinkle_snail",,smaller_than_1_cm,,filamentous_like_hairfur,none,,"float_over,gopro_video_on_quadrat,swimmers_in_50_radius_observing",,"Susan, Andrew, Lucy, and Elise ",,,,,-70.7770110115436,42.2506558870739
5,f470c691-ac86-4311-b649-036cc21976ce,7/12/2019 6:37:35 PM,susangbryant_Cohasset,11/18/2019 10:59:45 PM,susangbryant_Cohasset,7/12/2019 6:28:00 PM,other,This one must be in the wrong place.,"gravel,shells,stony_cobble",,edge_visible_within_3_meters,"periwinkle_snail,hermit_crab",,smaller_than_1_cm,,"lettuce_leafy,dendritictreelike,green",,,"float_over,swimmers_in_50_radius_observing,gopro_video_on_quadrat",,"Susan, Andrew, Lucy, and Elise",,,,,-70.7681663001083,42.2433215669009
6,40755d01-285a-4c0c-8488-078bae6f0a06,7/12/2019 8:01:41 PM,,7/12/2019 8:01:41 PM,,7/12/2019 6:38:00 PM,none,,,,,,,,,,,,float_over,,,,,,,-70.7746350579623,42.2510931222162
7,97a17ece-ba4e-4e20-b94c-c7d0a3214f12,7/14/2019 7:43:33 PM,susangbryant_Cohasset,7/14/2019 7:43:33 PM,susangbryant_Cohasset,7/14/2019 7:41:00 PM,1_solo_colonizing_plant,,sand,,edge_visible_within_3_meters,hermit_crab,,,,"filamentous_but_thicker_than_ha,dendritictreelike,air_bladders,brown",solo_colonizing_plant_from_seed,,"float_over,gopro_video_on_quadrat",,Brendan Burke sb,,,,,-70.7813627925429,42.2458434105313
8,e6c59984-b3d9-42bc-8172-88ec72ee59f0,7/14/2019 8:01:47 PM,susangbryant_Cohasset,7/14/2019 8:01:47 PM,susangbryant_Cohasset,7/14/2019 7:59:00 PM,none,,"sand,shells,gravel,stony_cobble",,all_the_same_no_edge,hermit_crab,,,,none,,,other,Wading,Eu Oyster ,,,,,-70.7727973256919,42.2499835258743
9,402cef74-932b-45ec-91ba-5dff99b5b1d4,7/14/2019 8:04:53 PM,susangbryant_Cohasset,7/14/2019 10:57:45 PM,susangbryant_Cohasset,7/14/2019 8:02:00 PM,none,,"sand,shells,stony_cobble,gravel",,all_the_same_no_edge,periwinkle_snail,,none_found,,none,none,,other,Walking ,Waypoint 177 B.B. lc ah sb,,,,,-70.7722307090375,42.2499681869915
10,9ab5bc4b-0da8-41bd-ab4e-572bbb1c0563,7/14/2019 8:18:10 PM,susangbryant_Cohasset,7/14/2019 8:18:10 PM,susangbryant_Cohasset,7/14/2019 8:16:00 PM,50,,"shells,mud_more_slick_than_sand,gravel",,edge_visible_within_3_meters,"hermit_crab,green_crab",,,,filamentous_like_hairfur,,,float_over,,,,,,,-70.8017179230486,42.2462732566439
11,0810a1f5-bf24-4a01-a2e9-560c7fee71ad,7/14/2019 8:28:35 PM,susangbryant_Cohasset,7/14/2019 8:28:35 PM,susangbryant_Cohasset,7/14/2019 8:20:00 PM,25_,,"sand,gravel,shells",,edge_visible_within_3_meters,"spider_crab,periwinkle_snail",,"larger_than_1_cm,orange,other",2cm orange and filamentous adhered and calciferous dots,"dendritictreelike,green",none,,"float_over,plant_sample_collected_for_lab,gps_waypoint_marked",,B.B.,,,,,-70.7862361147042,42.2526027389242
12,08821555-fa4b-497d-b978-cfbd263fd985,7/14/2019 8:40:31 PM,susangbryant_Cohasset,7/14/2019 8:40:31 PM,susangbryant_Cohasset,7/14/2019 8:34:00 PM,75,,"sand,shells",,edge_visible_within_3_meters,,,other,Filamentous adhered ,none,seed_podsbranchiness,,"float_over,gopro_video_on_quadrat,plant_sample_collected_for_lab",,Lucy at wpt 175 can’t touch bottom,,,,,-70.7777204365197,42.249950920271
13,51969d6c-a0ef-4d1d-9872-41e7e86cf624,7/14/2019 11:15:15 PM,,7/14/2019 11:15:15 PM,,7/14/2019 8:18:00 PM,50,,"stony_cobble,shells",,edge_visible_within_3_meters,"hermit_crab,green_crab,other",Oyster ,smaller_than_1_cm,,filamentous_like_hairfur,,,"float_over,quadrat_observations_by_swimmer",,"Lucy, Andrew, Brendan, and Susan",,,,,-70.77513126663,42.2498262394613
14,8e329377-5c03-4022-b304-f9c4ec27cd69,7/14/2019 11:16:07 PM,,7/14/2019 11:16:07 PM,,7/14/2019 11:15:00 PM,none,,,,,,,,,,,,float_over,,,,,,,-70.787026695973,42.2386124683937
15,1e1612d3-f56f-4c3a-9f4d-803941a37eb8,7/15/2019 12:20:43 AM,susangbryant_Cohasset,7/15/2019 12:20:43 AM,susangbryant_Cohasset,7/14/2019 8:45:00 PM,75,,sand,,edge_visible_within_3_meters,,,,,,seed_podsbranchiness,,"float_over,gopro_video_on_quadrat,gps_waypoint_marked",,,,,,,-70.780567433751,42.2497924603915
16,1b91d33a-41c6-4a99-83cb-cfd4a52a9020,7/19/2019 11:35:50 AM,cscrresearcher_Cohasset,7/19/2019 11:35:50 AM,cscrresearcher_Cohasset,7/19/2019 11:34:00 AM,none,,"solid_granite_rock,shells,mud_more_slick_than_sand",,all_the_same_no_edge,"spider_crab,periwinkle_snail,fish,flounder",,smaller_than_1_cm,,"lettuce_leafy,air_bladders,dendritictreelike,filamentous_but_thicker_than_ha",seed_podsbranchiness,,"float_over,swimmers_in_50_radius_observing",,S.B L.C,,100_cm,10mm,,-70.7873860316217,42.2389882305254
17,1a2e83a9-2614-49a7-88a6-db9e82511b4e,7/19/2019 11:36:10 AM,susangbryant_Cohasset,7/19/2019 11:36:10 AM,susangbryant_Cohasset,7/19/2019 11:34:00 AM,none,,other,Lab table,edge_visible_within_3_meters,,,none_found,,,,,,,Susan’s phone,,,,,-70.7872790538401,42.2389319316417
18,45e8180f-0814-410b-b38f-3ac87042da73,7/19/2019 11:39:53 AM,,7/19/2019 11:41:09 AM,susangbryant_Cohasset,7/19/2019 11:38:00 AM,75,,"mud_more_slick_than_sand,shells",,all_the_same_no_edge,flounder,,orange,,filamentous_like_hairfur,solo_colonizing_plant_from_seed,,"float_over,swimmers_in_50_radius_observing",,L.C with wifi off,,75_cm,8mm,,-70.7868966088358,42.2387355566418
19,f53a3cd0-55d6-403b-9ed1-f2c1eda5ef1c,7/19/2019 12:12:13 PM,susangbryant_Cohasset,7/19/2019 12:12:13 PM,susangbryant_Cohasset,7/19/2019 12:07:00 PM,100,,,,all_the_same_no_edge,periwinkle_snail,,"larger_than_1_cm,orange,other",Filamentous,"red,filamentous_like_hairfur",seed_podsbranchiness,,"float_over,gopro_video_on_quadrat,gps_waypoint_marked",,Susan,,,,,-70.7775522117231,42.2500471445194
20,5735d7a0-5214-4ac6-8eb4-f2d64d2023c1,7/19/2019 12:12:15 PM,,7/19/2019 12:12:15 PM,,7/19/2019 12:08:00 PM,100,,solid_granite_rock,,all_the_same_no_edge,periwinkle_snail,,"larger_than_1_cm,orange",,filamentous_like_hairfur,seed_podsbranchiness,,"float_over,gps_waypoint_marked,gopro_video_on_quadrat",,,,,,,-70.7775859069738,42.249991949687
21,f2e1ed11-eb1c-4a8f-bff7-371e19d9759b,7/19/2019 12:15:05 PM,susangbryant_Cohasset,7/19/2019 1:49:17 PM,susangbryant_Cohasset,7/19/2019 12:12:00 PM,100,,,see GoPro,all_the_same_no_edge,,"amphipod, isopod","other,larger_than_1_cm,orange",Filamentous lots ,"filamentous_like_hairfur,whitepale",seed_podsbranchiness,,float_over,,Susan eelgrass laying just under surface ,,,,,-70.7772935461912,42.2497316077745
22,e669f464-bd33-425c-b4ec-2844ea3ee517,7/19/2019 12:32:08 PM,susangbryant_Cohasset,7/19/2019 2:01:40 PM,susangbryant_Cohasset,7/19/2019 12:28:00 PM,100,,,see gopro,all_the_same_no_edge,"periwinkle_snail,other","Amphipod and creature double feature shrimp, isopod","larger_than_1_cm,orange,other",Epiphytes,"filamentous_like_hairfur,whitepale",seed_podsbranchiness,,"float_over,gopro_video_on_quadrat,plant_sample_collected_for_lab,gps_waypoint_marked,other",Dragged gopro to here,Susan grab. 151 cm longest,184 waypoint plus gopro TBD,,6mm,,-70.7773373835448,42.2496689949578
23,2005f08e-3b36-4e46-85a9-3793254c69aa,7/19/2019 12:48:05 PM,susangbryant_Cohasset,7/19/2019 12:48:05 PM,susangbryant_Cohasset,7/19/2019 12:44:00 PM,other,Secci on bottom,,,,,,,,,,,"float_over,secci_disk,gopro_video_on_quadrat,other",2.5 m on bottom,Lucy doing the work ,,,,,-70.7778418902967,42.2527790163106
24,e3c01a3c-d741-4eeb-a371-9ddc44f9f671,7/19/2019 12:58:00 PM,susangbryant_Cohasset,7/19/2019 12:58:00 PM,susangbryant_Cohasset,7/19/2019 12:55:00 PM,other,See gopro,other,4m deep. Secci til 3m,,,,,,,,,"float_over,gps_waypoint_marked,gopro_video_on_quadrat,secci_disk",,Secci2 waypoint ,,,,,-70.7807713654551,42.2526664892605
25,d790891a-7511-44c9-99c1-ab531d2d684e,7/19/2019 1:05:07 PM,susangbryant_Cohasset,7/19/2019 1:05:07 PM,susangbryant_Cohasset,7/19/2019 1:03:00 PM,other,See gopro ,other,2.75 depth secci at 2.5 m,,,,,,"red,filamentous_like_hairfur,brown",,,"float_over,gopro_video_on_quadrat,secci_disk",,Lucy at 173,,,,,-70.7848849708874,42.2375387936249
26,cc6bff96-b81b-440f-8e26-fbadeea3186c,7/19/2019 3:21:24 PM,susangbryant_Cohasset,7/19/2019 3:21:24 PM,susangbryant_Cohasset,7/19/2019 3:19:00 PM,other,See gopro2,other,4m secci ,,,,,,,,,"float_over,gopro_video_on_quadrat,secci_disk,gps_waypoint_marked",,"Kai, Noah, Rosie, cam, Jacob, Blake ",,,,,-70.7811759599212,42.252698214764
27,1cd94989-5bda-4d2f-8167-aacaf7260464,7/22/2019 1:25:36 PM,susangbryant_Cohasset,7/22/2019 1:25:36 PM,susangbryant_Cohasset,7/22/2019 1:19:00 PM,other,Secci disc 4.20 deep 3.75 visibility ,,,,,,,,"red,filamentous_like_hairfur,kelp",,,"float_over,secci_disk,gps_waypoint_marked",,Secci2 Lucy & Susan,,,,,-70.7801397890512,42.2528546629867
28,7e7cc86a-da48-40d4-b8e2-d71c384d76c3,7/22/2019 1:26:54 PM,susangbryant_Cohasset,7/22/2019 1:26:54 PM,susangbryant_Cohasset,7/22/2019 1:25:00 PM,other,See gopro,,,,,,,,,,,"float_over,gopro_video_on_quadrat",,Lucy Susan,,,,,-70.7796326000903,42.2527775494775
29,ea53d057-4653-421a-baed-78d7b10556b5,7/22/2019 3:13:35 PM,,7/22/2019 3:13:35 PM,,7/22/2019 2:57:00 PM,75,,sand,,edge_visible_within_3_meters,"spider_crab,hermit_crab",,"larger_than_1_cm,orange",,red,seed_podsbranchiness,,float_over,,Liam and Lucy,,75_cm,,,-70.7785480656389,42.2482693847662
30,77945af3-7633-4ad1-90af-e74a6e33b1a9,7/22/2019 3:34:35 PM,,7/22/2019 3:34:35 PM,,7/22/2019 3:21:00 PM,75,,gravel,,edge_visible_within_3_meters,hermit_crab,,orange,,filamentous_like_hairfur,seed_podsbranchiness,,float_over,,Liam,,50_cm,2mm,,-70.7769436017338,42.252283142919
31,23ac4d69-70e7-4bf7-9c32-7e1b2181e3c3,7/24/2019 3:04:14 PM,,7/24/2019 3:04:14 PM,,7/24/2019 2:56:00 PM,75,,stony_cobble,,edge_visible_within_3_meters,,,"orange,larger_than_1_cm",,filamentous_like_hairfur,none,,"float_over,gopro_swimming",,Liam,,,,,-70.7779308222893,42.2494521132132
32,07e27831-8945-4b3e-86d3-5320445392a3,7/24/2019 3:04:32 PM,susangbryant_Cohasset,7/24/2019 3:04:32 PM,susangbryant_Cohasset,7/24/2019 3:00:00 PM,75,,stony_cobble,,edge_visible_within_3_meters,,,"larger_than_1_cm,orange",,filamentous_like_hairfur,,,float_over,,Liam Holden,,,,,-70.7779743243668,42.2494457010573
33,1da4f3a8-f874-4536-8fe3-9ec497e713c4,7/24/2019 3:19:32 PM,susangbryant_Cohasset,7/24/2019 3:19:32 PM,susangbryant_Cohasset,7/24/2019 3:12:00 PM,100,,"stony_cobble,clay_harder_than_mud,shells",,all_the_same_no_edge,green_crab,,larger_than_1_cm,,dendritictreelike,seed_podsbranchiness,,"float_over,gopro_video_on_quadrat",,,,,,,-70.7772517204943,42.2504559299371
34,3c98f505-a81d-4e7a-994a-59f11a80b290,7/24/2019 3:19:45 PM,,7/24/2019 3:19:45 PM,,7/24/2019 3:12:00 PM,100,,"stony_cobble,shells",,all_the_same_no_edge,green_crab,,"larger_than_1_cm,orange",,"dendritictreelike,filamentous_like_hairfur",seed_podsbranchiness,,"float_over,swimmers_in_50_radius_observing,gopro_video_on_quadrat",,Liam,,,,,-70.7772751898233,42.2505059279895
35,a702c4cb-874a-47bb-a92c-986cb693e920,7/24/2019 3:33:31 PM,susangbryant_Cohasset,7/24/2019 3:33:31 PM,susangbryant_Cohasset,7/24/2019 3:24:00 PM,75,,stony_cobble,,all_the_same_no_edge,hermit_crab,,larger_than_1_cm,,none,,,"float_over,secci_disk,gopro_video_on_quadrat",,,,,,,-70.776415709472,42.252967860589
36,24392767-fce7-4c4d-87de-47ff2b8886b2,7/24/2019 3:33:32 PM,,7/25/2019 6:20:03 PM,cscrresearcher_Cohasset,7/24/2019 3:24:00 PM,100,,"stony_cobble,shells",,all_the_same_no_edge,hermit_crab,,"larger_than_1_cm,orange",,none,none,,"float_over,gopro_video_on_quadrat,swimmers_in_50_radius_observing",,Liam. Depth 2m,,,,,-70.7764370833251,42.2529986221737
37,a9307e80-67b0-4c95-abb5-199944d6e9e7,7/25/2019 3:52:00 PM,,7/25/2019 3:52:00 PM,,7/25/2019 3:51:00 PM,50,,sand,,edge_visible_within_3_meters,,,,,,,,float_over,,,,,,,-70.7784601394746,42.248694179619
38,a82e29d9-a687-43b8-8d05-76f8e21d07d6,7/25/2019 3:52:36 PM,,7/25/2019 3:52:36 PM,,7/25/2019 3:52:00 PM,75,,sand,,edge_visible_within_3_meters,,,,,filamentous_like_hairfur,,,float_over,,,,,,,-70.7790209726158,42.2488082573211
39,5e6f8d26-3c4a-410e-8651-da3c1489d57a,7/26/2019 5:30:10 PM,cscrresearcher_Cohasset,7/26/2019 5:30:10 PM,cscrresearcher_Cohasset,7/26/2019 5:29:00 PM,other,"3.75 depth, 3.5 secci",,,,,,,,,,,float_over,,,,,,,-70.7839890942637,42.2511538071951
40,22dd32c2-251d-4d9f-9185-28391b943af8,7/26/2019 5:32:33 PM,,7/26/2019 5:32:33 PM,,7/26/2019 5:20:05 PM,other,,,,,,,,,,,,,,,,,,,-70.7848194894109,42.2504049260563
41,5dfd159c-9d01-4ffe-a25e-1314bbbeaa79,7/26/2019 5:44:23 PM,cscrresearcher_Cohasset,7/26/2019 5:44:23 PM,cscrresearcher_Cohasset,7/26/2019 5:39:00 PM,100,,,,,,,,,,,,"float_over,gopro_video_on_quadrat",,Lucy,,,,,-70.7853408437881,42.2499504173568
42,d53d50d9-6721-4419-a07a-ede09e05c887,7/26/2019 5:49:23 PM,,7/26/2019 5:49:23 PM,,,other,,,,,,,,,,,,Go pro on quadrat,,,,,,,-70.7855467871491,42.2499992000333
43,e5a13657-36d3-48f6-8f40-8a6f999ce940,7/26/2019 5:54:46 PM,,7/26/2019 5:54:46 PM,,7/26/2019 5:44:00 PM,other,Go pro1:49 pm,,,,,,,,,,,"float_over,gopro_video_on_quadrat",,Lucy way back on anchor ,,,,,-70.7855869364653,42.2499657981491
44,f39893bb-61cb-495f-bef8-cb2e287e4ba7,7/26/2019 5:57:22 PM,,7/26/2019 5:57:22 PM,,7/26/2019 5:56:00 PM,other,Go pro upwind from a joe,,,,,,,,,,,float_over,,Lucy,,,,,-70.7851038873855,42.2499456815815
45,4f616c8d-d28e-4893-8992-5f4c16eaafc1,7/26/2019 6:01:00 PM,,7/26/2019 6:01:00 PM,,,other,,,,,,,,,,,,,,,,,,,-70.7848034799758,42.24938141186
46,b981d1f2-c5ea-4dcd-8495-824d188cd12c,7/26/2019 6:02:29 PM,,7/26/2019 6:02:29 PM,,7/26/2019 6:02:00 PM,other,GoPro Lucy ,,,,,,,,,,,float_over,,,,,,,-70.7847333234463,42.2494148975632
47,16f1772d-59ff-4e96-bd76-d6f1d62c42bb,7/26/2019 6:20:54 PM,,7/26/2019 7:16:32 PM,susangbryant_Cohasset,7/26/2019 6:16:00 PM,other,4 m visibility at bottom,,,,,,,,,,,float_over,,,,,,,-70.7804836985383,42.2552743507943
48,ec0ed456-9ba2-442c-9022-b8726d6df10d,7/26/2019 6:28:23 PM,,7/26/2019 6:28:23 PM,,7/26/2019 6:26:00 PM,other,Secci 5 m on bottom visibility ,,,,,,,,,,,float_over,,,,,,,-70.7745726127837,42.256510430055
49,f1d38d59-ed1b-4ec2-8d12-2c18ac3fb147,7/26/2019 6:35:05 PM,,7/26/2019 6:35:05 PM,,7/26/2019 6:32:00 PM,other,Secci 6 m visibility not on bottom,,,,,,,,,,,float_over,,,,,,,-70.7728758641246,42.2588443709931
50,f6705da6-b8c3-4029-b1ac-3e4eb8ad89b2,7/26/2019 6:46:33 PM,,7/26/2019 6:46:33 PM,,7/26/2019 6:45:00 PM,other,Secci 3.25 plus algae and kelp,,,,,,,,,,,float_over,,"L.C, S.B",,,,,-70.7840811275605,42.2482213983706
51,a1cc3d05-5aef-447e-a0f2-355761fecbf3,7/26/2019 7:05:17 PM,,7/26/2019 7:05:17 PM,,7/26/2019 6:56:00 PM,other,Secci 2m no bottom ,,,,,,,,,,,float_over,,,,,,,-70.7929408830318,42.2404991090691
52,1f3e769c-fa66-42f8-8186-f127622823ea,7/26/2019 7:06:22 PM,,7/26/2019 7:06:22 PM,,7/26/2019 7:05:00 PM,other,Secci 2m visibility,,,,,,,,,,,float_over,,,,,,,-70.7868910767797,42.2393357847279
53,33e33c0a-569b-4f05-8df3-ad6db7f87d2e,7/26/2019 7:07:59 PM,,7/26/2019 8:54:32 PM,susangbryant_Cohasset,7/26/2019 7:06:00 PM,other,Secci 1.5 m visibility ,,,,,,,,,,,float_over,,Lucy,Secci 1.5 m visibility,,,,-70.7870034781013,42.2393318452334
54,e755a514-6739-42f7-89fa-62f76bb4a948,7/30/2019 7:28:20 PM,cscrresearcher_Cohasset,7/30/2019 7:28:20 PM,cscrresearcher_Cohasset,7/30/2019 7:27:00 PM,other,Secci- 3.5 m visibility ,,,,,,,,,,,float_over,,,,,,,-70.7698634184891,42.248098161451
55,52149582-fe91-4926-b39b-b1b976c4631b,7/30/2019 7:45:15 PM,,7/30/2019 7:45:15 PM,,7/30/2019 7:44:00 PM,none,,stony_cobble,,,,,,,,,,float_over,,,,,,,-70.774518130413,42.2527829138956
56,df6ac40d-6f8f-4370-a83b-3867a6852060,7/30/2019 7:49:52 PM,,7/31/2019 8:35:07 PM,susangbryant_Cohasset,7/30/2019 7:46:00 PM,100,,stony_cobble,,edge_visible_within_3_meters,,,,,,,,float_over,,,GH016484,,,,-70.7746597845766,42.2528227279356
57,365595a5-b7fc-402a-b06a-88581d9a4095,7/30/2019 7:50:44 PM,,7/30/2019 7:50:44 PM,,7/30/2019 7:50:00 PM,75,,,,,,,,,,,,float_over,,,,,,,-70.7747985888932,42.25294527136
58,600e2563-8b42-4fdd-a5c5-1b28652d8d86,7/30/2019 8:08:34 PM,,7/31/2019 8:56:53 PM,susangbryant_Cohasset,7/30/2019 8:02:00 PM,75,,"stony_cobble,mud_more_slick_than_sand",,all_the_same_no_edge,"periwinkle_snail,other",Creature double feature ,"smaller_than_1_cm,larger_than_1_cm,orange,calciferous_coverage,epiphytes,other",Albino tunicates,none,none,,"gopro_video_on_quadrat,plant_sample_collected_for_lab,gopro_swimming,wading,quadrat_observations_by_swimmer",,Lucy susan,GH016485 Many GoPro drops and drags,100_cm,,6,-70.7752186060611,42.2526456183216
59,cb1f11f8-b715-4345-bb35-b5b84e7537d7,7/30/2019 8:14:58 PM,,7/30/2019 8:14:58 PM,,7/30/2019 8:10:00 PM,50,,"mud_more_slick_than_sand,gravel",,all_the_same_no_edge,"periwinkle_snail,hermit_crab",,"larger_than_1_cm,orange,calciferous_coverage,epiphytes",,none,none,,"quadrat_observations_by_swimmer,wading",,Susan,,100_cm,,,-70.7751547359589,42.2526213946214
60,24f5e2fb-de81-46a2-a08e-0ad13570962e,7/30/2019 8:20:03 PM,,7/30/2019 8:20:03 PM,,7/30/2019 8:15:00 PM,75,,"sand,gravel",,all_the_same_no_edge,periwinkle_snail,,"smaller_than_1_cm,larger_than_1_cm,orange,calciferous_coverage,epiphytes,other",More calc here than west,none,none,,"gopro_video_on_quadrat,quadrat_observations_by_swimmer,wading",,Lucy geese ,,100_cm,,,-70.7750425022755,42.2525794851056
61,e74bff03-3263-432b-b347-343154f1a085,7/30/2019 8:23:32 PM,,7/30/2019 8:23:32 PM,,7/30/2019 8:21:00 PM,none,,stony_cobble,,edge_visible_within_3_meters,,,"smaller_than_1_cm,larger_than_1_cm,orange,calciferous_coverage",,"red,filamentous_like_hairfur,air_bladders,brown,green,dendritictreelike",none,,"wading,gopro_video_on_quadrat",,Susan,Bare patch,100_cm,,,-70.7749019377593,42.2525182133934
62,17d39ac5-33a5-40c2-b54c-681542c605e3,7/30/2019 8:26:57 PM,,7/30/2019 8:26:57 PM,,7/30/2019 8:23:00 PM,50,,"stony_cobble,sand",,edge_visible_within_3_meters,other,Shrimp 3cm,"smaller_than_1_cm,larger_than_1_cm",,none,none,,wading,,Susan,,,,,-70.7748418395135,42.2524859849757
63,8d9225e3-a9ef-454c-84e7-11e4adb6056c,7/30/2019 8:29:59 PM,,7/30/2019 8:29:59 PM,,7/30/2019 8:27:00 PM,50,,gravel,,edge_visible_within_3_meters,"periwinkle_snail,hermit_crab",,"smaller_than_1_cm,larger_than_1_cm,orange,calciferous_coverage,epiphytes",,"filamentous_like_hairfur,red,brown,air_bladders,green,dendritictreelike",none,,"wading,gopro_video_on_quadrat",,Susan Lucy,,,,,-70.7748145983282,42.252493319141
64,03b93b87-4c63-48b6-a078-ae236655f6b9,7/30/2019 8:32:34 PM,,7/31/2019 8:54:27 PM,susangbryant_Cohasset,7/30/2019 8:30:00 PM,none,,stony_cobble,,all_the_same_no_edge,hermit_crab,,"larger_than_1_cm,other,orange",Purple on rocks,"brown,air_bladders,green,dendritictreelike,filamentous_like_hairfur,red",,,wading,,Eastern Edge Eu oysters too,,,,,-70.7747685816798,42.2524845181427
65,576db4d7-44b9-4753-80c5-4a5d870c9a11,7/30/2019 8:41:13 PM,,7/31/2019 8:54:02 PM,susangbryant_Cohasset,7/30/2019 8:38:00 PM,25_,,"stony_cobble,gravel",,edge_visible_within_3_meters,periwinkle_snail,,"larger_than_1_cm,orange,calciferous_coverage,epiphytes",,"dendritictreelike,green,air_bladders,brown",none,,"gopro_video_on_quadrat,wading",,Lucy Edge outside Glades crescent ,,75_cm,,,-70.774684427372,42.2529741051069
66,1bf61c23-30ca-4b2c-b84b-423fe4dc0be2,7/30/2019 8:48:49 PM,,7/31/2019 8:51:35 PM,susangbryant_Cohasset,7/30/2019 8:46:00 PM,25_,,stony_cobble,,edge_visible_within_3_meters,,,"smaller_than_1_cm,orange,calciferous_coverage",,,seed_podsbranchiness,,wading,,Lucy Susan Edge inside glades crescent ,,50_cm,,,-70.7740359195236,42.2533566132581
67,3370f103-24ca-4616-9eb7-de3fa68d053d,8/1/2019 10:36:48 PM,,8/1/2019 10:36:48 PM,,8/1/2019 9:55:00 PM,other,,"gravel,stony_cobble,shells",,edge_visible_within_3_meters,,,"epiphytes,calciferous_coverage",,"filamentous_like_hairfur,kelp",,,"float_over,gopro_video_on_quadrat",,,,,,,-70.7742376719329,42.2565465141481
68,debab41f-2084-40bd-a922-1f3f64016e64,8/1/2019 10:36:49 PM,,8/1/2019 10:36:49 PM,,8/1/2019 9:51:00 PM,other,,other,,,,,,,,,,"float_over,secci_disk,gopro_video_on_quadrat",,,Succi disk not at bottom but 2.5 m visibility ,,,,-70.7770616189304,42.256174734833
69,f1f1bee1-9059-40c0-93c8-b94aa50f419b,8/1/2019 10:36:49 PM,,4/22/2020 8:41:28 PM,lucyayclay_Cohasset2,8/1/2019 9:45:00 PM,75,,other,Can’t see that far,edge_visible_within_3_meters,"Periwinkle_Snail,fish",,,,,,,"float_over,gopro_video_on_quadrat",,Susan Connie ,GH016517,,,,-70.7816580031726,42.2541516786835
70,ede07d18-6b61-4d3f-8d9a-e5efe102e2a2,8/1/2019 10:36:49 PM,,8/1/2019 10:36:49 PM,,8/1/2019 9:43:00 PM,none,,other,,all_the_same_no_edge,,,,,"filamentous_like_hairfur,kelp,red",,,"float_over,secci_disk,gopro_video_on_quadrat",,"Connie, Susan ",,,,,-70.7833778020654,42.2541909898093
71,b47b8560-4b99-4821-acb7-769690143231,8/1/2019 10:36:49 PM,,8/1/2019 10:36:49 PM,,8/1/2019 9:37:00 PM,50,,,,edge_visible_within_3_meters,,,"orange,larger_than_1_cm,epiphytes",,,seed_podsbranchiness,,"float_over,gopro_video_on_quadrat,gps_waypoint_marked",,,,,,,-70.7844268810663,42.2539684921897
72,4bd02b48-87cb-45a2-aeca-e3d3e4226123,8/1/2019 10:36:50 PM,,8/13/2019 8:04:06 PM,susangbryant_Cohasset,8/1/2019 9:23:00 PM,other,,other,,edge_visible_within_3_meters,,,"smaller_than_1_cm,orange,epiphytes",,"red,filamentous_like_hairfur",,,"float_over,gopro_video_on_quadrat",,,,,,,-70.7859481126729,42.2538485052457
73,29443206-2db0-406a-a2ad-23f0875d0641,8/1/2019 10:36:50 PM,,8/1/2019 10:36:50 PM,,8/1/2019 9:13:00 PM,50,,"shells,sand",,edge_visible_within_3_meters,,,,,none,seed_podsbranchiness,,"float_over,gopro_video_on_quadrat,gps_waypoint_marked",,,,75_cm,,,-70.7860881742749,42.253143587189
74,ce65f344-0075-4b90-99f6-2a6fce41b024,8/1/2019 10:36:50 PM,,8/1/2019 10:36:50 PM,,8/1/2019 9:06:00 PM,50,,"sand,shells",,edge_visible_within_3_meters,,,epiphytes,,none,none,,"float_over,gopro_video_on_quadrat",,,,100_cm,,,-70.7864571456525,42.2527640965229
75,a2233acc-4c6a-4813-82e0-90bac9d5152f,8/1/2019 10:36:51 PM,,8/1/2019 10:36:51 PM,,8/1/2019 9:01:00 PM,25_,,"sand,solid_granite_rock",,edge_visible_within_3_meters,,,,,"filamentous_like_hairfur,brown,red,kelp",,,float_over,,,,,,,-70.7876095735196,42.2527288506201
76,1ffd2fca-6284-491d-a179-e5f2068b2757,8/1/2019 10:36:51 PM,,8/1/2019 10:36:51 PM,,8/1/2019 8:52:00 PM,75,,"sand,gravel",,edge_visible_within_3_meters,"spider_crab,periwinkle_snail",,"smaller_than_1_cm,calciferous_coverage",,"kelp,filamentous_like_hairfur,brown",seed_podsbranchiness,,"gopro_video_on_quadrat,swimmers_in_50_radius_observing,gopro_swimming,plant_sample_collected_for_lab,quadrat_observations_by_swimmer,secci_disk",,,,,,,-70.7866594847951,42.2523449175453
77,3f502884-f4fa-41d1-8d2e-7d18155591a2,8/1/2019 10:36:51 PM,,8/1/2019 10:36:51 PM,,8/1/2019 8:19:00 PM,other,,sand,,edge_visible_within_3_meters,,,,,,seed_podsbranchiness,,"float_over,gopro_video_on_quadrat,gps_waypoint_marked",,,,,,,-70.7864870690469,42.2523459652832
78,576fe368-0877-479d-b830-3a64e710cd64,8/2/2019 3:08:45 PM,,8/2/2019 3:08:45 PM,,8/2/2019 3:01:00 PM,other,Un aware ,gravel,,all_the_same_no_edge,other,"Geese, seagulls ","larger_than_1_cm,orange",,none,none,,"float_over,gopro_video_on_quadrat,secci_disk",,,,,,,-70.7748937234942,42.2529329080528
79,de28e740-5b73-40e9-a22a-e6e8bb6910e2,8/2/2019 3:14:40 PM,,8/2/2019 3:14:40 PM,,8/2/2019 3:12:00 PM,none,,,,,,,,,,,,float_over,,," Disk visibility:  4 m, ",,,,-70.7747794781539,42.2558929352483
80,e8328eb8-da1f-4709-8f1b-8780db1be997,8/7/2019 3:31:55 PM,,8/7/2019 3:31:55 PM,,8/7/2019 3:22:00 PM,100,,mud_more_slick_than_sand,,all_the_same_no_edge,periwinkle_snail,,"larger_than_1_cm,orange",,"red,dendritictreelike",none,,"float_over,swimmers_in_50_radius_observing",,"Noah S, Liam H, Haley C, Sammy H, Jacob V, Blake M, and Susan Bryant.",,100_cm,8mm,4,-70.7785072457704,42.2491556452981
81,7a375d78-3555-4b85-bae4-f1d4af8be007,8/13/2019 8:53:30 PM,,8/13/2019 8:53:30 PM,,8/13/2019 8:50:00 PM,1_solo_colonizing_plant,,mud_more_slick_than_sand,,edge_visible_within_3_meters,hermit_crab,,,,,solo_colonizing_plant_from_seed,,"float_over,gopro_video_on_quadrat,wading",,Alex Rowe,,50_cm,4mm,,-70.7813709937836,42.2458329549448
82,97115add-dc72-46bc-a99c-8b83ff61ccaf,8/13/2019 8:53:44 PM,,8/13/2019 8:53:44 PM,,8/13/2019 8:49:00 PM,1_solo_colonizing_plant,,mud_more_slick_than_sand,,edge_visible_within_3_meters,hermit_crab,,,,none,solo_colonizing_plant_from_seed,,"float_over,gopro_video_on_quadrat,wading,underwater_photograph",,"Susan Bryant, Alex Rowe",,50_cm,4mm,,-70.781397409803,42.2458500741443
83,29b1d580-6416-4d86-b136-7dfd1a119c2c,8/13/2019 9:01:58 PM,,8/13/2019 9:01:58 PM,,8/13/2019 8:58:00 PM,1_solo_colonizing_plant,,mud_more_slick_than_sand,,edge_visible_within_3_meters,,,,,none,solo_colonizing_plant_from_seed,,"float_over,gopro_video_on_quadrat,wading",,"SBryant, ARowe",,25_cm,,,-70.780903045154,42.2457784507817
84,2363aa35-36c7-4a85-9ca3-f29bc8655038,8/13/2019 9:11:00 PM,,8/13/2019 9:11:00 PM,,8/13/2019 9:08:00 PM,none,,"mud_more_slick_than_sand,sand",,all_the_same_no_edge,other,Work?,,,,,,"wading,gopro_video_on_quadrat",,,,,,,-70.7810978439906,42.245411241931
85,f76fabb8-bdf6-4025-9cfb-fc849db1ea3f,8/13/2019 9:18:40 PM,,8/13/2019 9:18:40 PM,,8/13/2019 9:18:00 PM,none,,,,,,,,,,,,float_over,,,,,,,-70.7819313321812,42.2449829977146
86,7a164fad-1342-4b6d-9633-8daadfcb752d,8/13/2019 9:19:32 PM,,8/13/2019 9:19:32 PM,,8/13/2019 9:18:00 PM,none,,,,,,,,,,,,float_over,,,,,,,-70.7819688041422,42.2450283123574
87,8457a773-5906-4e04-9600-f42486439f64,8/14/2019 8:44:21 PM,,8/14/2019 8:44:21 PM,,8/14/2019 8:43:00 PM,other,,,,,,,,,,,,"float_over,gopro_video_on_quadrat",,Lucy Alex,,,,,-70.7810345572147,42.2483840492016
88,7a372600-89aa-469f-bd59-cd94243380f7,8/14/2019 8:49:15 PM,,8/14/2019 8:49:15 PM,,8/14/2019 8:48:00 PM,other,,,,,,,,,,,,"float_over,gopro_video_on_quadrat",,,,,,,-70.7809013687733,42.248249058651
89,57d2af03-dc07-4566-aa62-bf93c5298352,8/14/2019 8:50:07 PM,,8/14/2019 8:50:07 PM,,8/14/2019 8:49:00 PM,other,,,,,,,,,,,,"float_over,gopro_video_on_quadrat",,,,,,,-70.7808165439132,42.2484483803085
90,b7eff57a-e380-47a7-80fe-7f9e952cd183,8/14/2019 8:52:16 PM,,8/14/2019 8:52:16 PM,,8/14/2019 8:52:00 PM,other,,,,,,,,,,,,"float_over,gopro_video_on_quadrat",,,,,,,-70.7804799266819,42.2482654452717
91,1c73ccd2-2486-4eef-94a3-1dd6ffa10abd,8/14/2019 8:56:53 PM,,8/14/2019 8:56:53 PM,,8/14/2019 8:56:00 PM,100,,,,,,,,,,,,float_over,,,,,,,-70.780348079345,42.2482835501826
92,7a8e0f4c-7779-4423-8415-868afec1be05,8/14/2019 8:58:15 PM,,8/14/2019 8:58:15 PM,,8/14/2019 8:57:00 PM,other,,,,edge_visible_within_3_meters,,,,,,,,"float_over,gopro_video_on_quadrat",,,,,,,-70.7805312618797,42.2481559364235
93,e9c17891-2743-4ba3-9bda-f97283a7520a,8/14/2019 8:58:40 PM,,8/14/2019 8:58:40 PM,,8/14/2019 8:57:00 PM,75,,,,edge_visible_within_3_meters,,,,,,,,float_over,,,,,,,-70.7805011328969,42.248342726419
94,bc632969-674d-4041-b59c-90e544685a21,8/14/2019 9:01:28 PM,,8/14/2019 9:01:28 PM,,8/14/2019 9:01:00 PM,other,,,,,,,,,,,,"float_over,gopro_video_on_quadrat",,,,,,,-70.7792516889371,42.2481988488939
95,17e89e65-e30d-47e8-b7ed-bc594aba47b4,8/14/2019 9:01:36 PM,,8/14/2019 9:01:36 PM,,8/14/2019 9:01:00 PM,other,,,,,,,,,,,,float_over,,,,,,,-70.7792887744222,42.248473693656
96,657c14a5-b90f-41b0-961f-d9a039a4829d,8/14/2019 9:02:08 PM,,8/14/2019 9:02:08 PM,,8/14/2019 9:01:00 PM,other,,,,,,,,,,seed_podsbranchiness,,"float_over,gopro_video_on_quadrat",,,,,,,-70.7793793755678,42.2482534405729
97,ab4ab676-7b40-4914-949a-53ae3fb6ec67,8/14/2019 9:03:11 PM,,8/14/2019 9:03:11 PM,,8/14/2019 9:02:00 PM,none,,,,,,,,,,,,float_over,,,,,,,-70.7794005494891,42.2481468399574
98,ee11621f-2b21-45f8-b4ce-cc0d8cb1b1e2,8/14/2019 9:04:25 PM,,8/14/2019 9:04:25 PM,,8/14/2019 9:04:00 PM,none,,,,edge_visible_within_3_meters,,,,,,,,float_over,,,,,,,-70.7795013394866,42.2482796945071
99,16ab7473-0357-4fb0-aed3-f7c6b78c6de8,8/14/2019 9:04:34 PM,,8/14/2019 9:04:34 PM,,8/14/2019 9:04:00 PM,50,,,,,,,larger_than_1_cm,,,seed_podsbranchiness,,"float_over,gopro_video_on_quadrat",,,,,,,-70.7795741203624,42.2480017346188
100,eb2895be-5841-44c2-ad43-64793779284a,8/14/2019 9:06:49 PM,,8/14/2019 9:06:49 PM,,8/14/2019 9:06:00 PM,none,,,,,,,,,,,,float_over,,,,,,,-70.7795252279106,42.2481096256918
101,b145cca6-8e34-4c7f-9bea-4c2d150299bc,8/14/2019 9:07:55 PM,,8/14/2019 9:07:55 PM,,8/14/2019 9:07:00 PM,50,,,,edge_visible_within_3_meters,,,,,,,,float_over,,,,,,,-70.7792952284876,42.2478686459756
102,4594b698-4a47-4ae2-846b-69a24d2131d7,8/14/2019 9:08:10 PM,,8/14/2019 9:08:10 PM,,8/14/2019 9:07:00 PM,75,,,,edge_visible_within_3_meters,,,"larger_than_1_cm,smaller_than_1_cm",,,,,float_over,,,,,,,-70.7793195144572,42.2478479270504
103,91486d6c-9456-44e2-bac1-7b030358a008,8/14/2019 9:09:34 PM,,8/14/2019 9:09:34 PM,,8/14/2019 9:08:00 PM,other,,,,,,,,,,,,float_over,,,,,,,-70.7792689093116,42.2477664705759
104,e42a37e6-9a74-485c-9514-1f65b5317695,8/14/2019 9:11:28 PM,,8/14/2019 9:11:28 PM,,8/14/2019 9:11:00 PM,other,,,,,,,,,,,,float_over,,,,,,,-70.77947166164,42.2475732268739
105,89979ad8-87c9-4b88-bcdd-833cbcfc1707,8/14/2019 9:12:14 PM,,8/14/2019 9:12:14 PM,,8/14/2019 9:12:00 PM,other,,,,,,,,,,,,"float_over,gopro_video_on_quadrat",,,,,,,-70.7792204180253,42.2477381888249
106,32866881-56c6-4db4-8d1a-a2c04dab5c80,8/14/2019 9:13:26 PM,,8/14/2019 9:13:26 PM,,8/14/2019 9:12:00 PM,other,,,,edge_visible_within_3_meters,,,,,,,,float_over,,,,,,,-70.7791795582238,42.2477014689168
107,7bf5836d-2280-444d-94c3-50490e48b9ef,8/14/2019 9:14:13 PM,,8/14/2019 9:14:13 PM,,8/14/2019 9:13:00 PM,100,,,,edge_visible_within_3_meters,,,,,,,,float_over,,,,,,,-70.7791222260061,42.2478718310988
108,c8f54eaf-abc9-465e-b7cf-041633d04aee,8/14/2019 9:14:16 PM,,8/14/2019 9:14:16 PM,,8/14/2019 9:13:00 PM,75,,,,edge_visible_within_3_meters,,,,,,,,float_over,,,,,,,-70.7790852977433,42.247855300693
109,b38101a5-97cd-4bdd-8111-b08a01021475,8/14/2019 9:17:03 PM,,8/14/2019 9:17:03 PM,,8/14/2019 9:16:00 PM,none,,,,,,,,,,,,float_over,,,,,,,-70.7762789992487,42.2489306850429
110,fed89a76-41f5-4953-888a-ccf605126674,8/14/2019 9:17:13 PM,,8/14/2019 9:17:13 PM,,8/14/2019 9:17:00 PM,none,,,,,,,,,,,,float_over,,,,,,,-70.7762487419609,42.2490346944353
111,70781dbe-203e-4a03-a8c4-f26f00524c07,8/14/2019 9:17:39 PM,,8/14/2019 9:17:39 PM,,8/14/2019 9:17:00 PM,25_,,,,edge_visible_within_3_meters,,,,,,,,float_over,,,,,,,-70.7762743445659,42.2494997525481
112,558b2f0a-86b3-4d59-bcfd-e258e73ebdf3,8/14/2019 9:17:57 PM,,8/14/2019 9:17:57 PM,,8/14/2019 9:17:00 PM,25_,,stony_cobble,,edge_visible_within_3_meters,,,,,,,,float_over,,,,,,,-70.7762386836771,42.2495560488126
113,8ca6a11b-8700-4db9-8fd7-76a9f7097d54,8/14/2019 9:19:11 PM,,8/14/2019 9:19:11 PM,,8/14/2019 9:19:00 PM,25_,,,,,,,,,,seed_podsbranchiness,,float_over,,,,,,,-70.7762284990319,42.2495705174893
114,24ca8e58-72f6-42d2-ab31-bb012aeb9b28,8/14/2019 9:19:51 PM,,8/14/2019 9:19:51 PM,,8/14/2019 9:19:00 PM,25_,,,,,spider_crab,,,,,,,float_over,,,,,,,-70.7762383678098,42.2495473529821
115,034047b2-c937-4e70-b483-2d4b33c21510,8/14/2019 9:20:50 PM,,8/14/2019 9:20:50 PM,,8/14/2019 9:20:00 PM,25_,,"shells,stony_cobble",,edge_visible_within_3_meters,spider_crab,,,,,seed_podsbranchiness,,"float_over,gopro_video_on_quadrat",,,,,,,-70.7762672439142,42.2495360890927
116,2ade5870-9e24-4ccc-b485-c951abfbedb4,8/14/2019 9:22:50 PM,,8/14/2019 9:22:50 PM,,8/14/2019 9:22:00 PM,25_,,,,,,,,,,,,float_over,,,,,,,-70.7763908441953,42.2499644294762
117,f5f81263-6c75-4d73-b210-7f1a6d8836be,8/14/2019 9:24:29 PM,,8/14/2019 9:24:29 PM,,8/14/2019 9:24:00 PM,25_,,"shells,stony_cobble",,edge_visible_within_3_meters,,,,,,,,float_over,,,,,,,-70.7757609800746,42.2497636644297
118,d75eb422-07cb-402c-9fef-0cdfa912a5cc,8/14/2019 9:25:54 PM,,8/14/2019 9:25:54 PM,,8/14/2019 9:24:00 PM,75,,shells,,edge_visible_within_3_meters,,,other,,none,,,float_over,,Oysters european,,,,,-70.7754440792564,42.2497259499899
119,0757d2d8-6fdd-4e15-90de-5d17bc4e1794,8/14/2019 9:25:56 PM,,8/14/2019 9:25:56 PM,,8/14/2019 9:25:00 PM,50,,shells,,edge_visible_within_3_meters,,,"larger_than_1_cm,orange,calciferous_coverage",,,,,float_over,,,,,,,-70.7755940122419,42.2498121105025
120,35b5376e-5f98-4a0e-8218-43a3d81fcdc9,8/14/2019 9:27:42 PM,,8/14/2019 9:27:42 PM,,8/14/2019 9:27:00 PM,25_,,,,edge_visible_within_3_meters,,,,,,,,float_over,,,,,,,-70.7756527999084,42.2496445579757
121,7027a3a4-e1be-4468-b662-82c265d4d5fa,8/14/2019 9:27:45 PM,,8/14/2019 9:27:45 PM,,8/14/2019 9:27:00 PM,25_,,"shells,stony_cobble",,edge_visible_within_3_meters,,,,,,,,float_over,,Oysters European ,,,,,-70.7754968852464,42.2495033685511
122,954fc242-aa0a-4446-b5be-80f0cab0b5d7,8/14/2019 9:29:26 PM,,8/14/2019 9:29:26 PM,,8/14/2019 9:29:00 PM,25_,,,,edge_visible_within_3_meters,,,,,,,,float_over,,,,,,,-70.7755994797412,42.2493640194109
123,9d723e6c-4fee-4109-825e-e6bce250a418,8/14/2019 9:30:24 PM,,8/14/2019 9:30:24 PM,,8/14/2019 9:30:00 PM,none,,,,,,,,,,,,float_over,,,,,,,-70.7757686065251,42.2494235569216
124,bddf98a9-c601-4699-b5f5-e4d621e7248a,8/14/2019 9:30:29 PM,,8/14/2019 9:30:29 PM,,8/14/2019 9:30:00 PM,none,,,,,,,,,,,,float_over,,,,,,,-70.7757196762327,42.2492606286353
125,0b948ebe-8901-4d26-a06a-95a8576d7d52,8/14/2019 9:31:02 PM,,8/14/2019 9:31:02 PM,,8/14/2019 9:30:00 PM,75,,,,,,,calciferous_coverage,,,,,float_over,,,,,,,-70.7757633394578,42.2493937925854
126,d2b51be8-7ebb-4048-8b74-f404b53142fb,8/14/2019 9:31:35 PM,,8/14/2019 9:31:35 PM,,8/14/2019 9:31:00 PM,none,,,,all_the_same_no_edge,,,,,,,,float_over,,,,,,,-70.7757961334481,42.2493433451369
127,51625374-c60d-4b05-a546-dbe79b06d462,8/14/2019 9:33:18 PM,,8/14/2019 9:33:18 PM,,8/14/2019 9:30:00 PM,75,,,,edge_visible_within_3_meters,,,,,,,,float_over,,,,,,,-70.7757758349839,42.2492276877558
128,edbfff97-f80f-4fbf-8c30-bd4b248b1e14,8/14/2019 9:33:30 PM,,8/14/2019 9:33:30 PM,,8/14/2019 9:33:00 PM,50,,,,edge_visible_within_3_meters,,,,,,,,float_over,,,,,,,-70.7749982561831,42.2496621335766
129,50fdee1b-75ac-4253-9c8d-d1745448c767,8/14/2019 9:33:53 PM,,8/14/2019 9:33:53 PM,,8/14/2019 9:33:00 PM,75,,,,edge_visible_within_3_meters,,,,,,,,float_over,,,,,,,-70.7749755308691,42.2500624834022
130,a1c2b530-f30f-4ff7-a271-d1aa8104f1b6,8/14/2019 9:34:00 PM,,8/14/2019 9:34:00 PM,,8/14/2019 9:33:00 PM,50,,,,edge_visible_within_3_meters,,,,,,,,float_over,,,,,,,-70.7747664868249,42.2502403934833
131,4fde946f-56ca-4cc6-88e3-4fd9aa05d268,8/14/2019 9:34:13 PM,,8/14/2019 9:34:13 PM,,8/14/2019 9:34:00 PM,100,,,,all_the_same_no_edge,,,,,,,,float_over,,,,,,,-70.7749298494968,42.2503024991995
132,2b9dac8c-98bd-4450-8d49-3c3b9a250a68,8/14/2019 9:43:10 PM,,8/14/2019 9:43:10 PM,,8/14/2019 9:42:00 PM,100,,,,all_the_same_no_edge,,,larger_than_1_cm,,,seed_podsbranchiness,,"float_over,gopro_video_on_quadrat",,,,,,,-70.7755583497639,42.2525821102514
133,97026b90-e707-4e8b-b4e8-87790551d89f,8/14/2019 9:44:04 PM,,8/14/2019 9:44:04 PM,,8/14/2019 9:43:00 PM,none,,,,edge_visible_within_3_meters,,,,,,,,float_over,,,,,,,-70.7755325446678,42.2523961357152
134,9b81dc7b-145d-4e68-9d68-7aad80f39cee,8/14/2019 9:47:50 PM,,8/14/2019 9:47:50 PM,,8/14/2019 9:47:00 PM,100,,,,,,,,,,,,"float_over,gopro_video_on_quadrat",,,,,,,-70.7767552351126,42.2527607766315
135,58ab86f6-ba22-4703-a1a0-54d30dfe7223,8/21/2019 2:05:43 PM,,8/21/2019 2:05:43 PM,,8/21/2019 1:39:00 PM,none,,sand,,edge_visible_within_3_meters,"fish,moon_snail",,none_found,,,,,float_over,,Rosie,,,,,-70.781701169974,42.2471156996137
136,afbc091d-ed48-4abd-8ed8-2e5ce8ed06f2,8/22/2019 3:09:44 PM,,8/22/2019 3:09:44 PM,,8/22/2019 3:09:00 PM,none,,sand,,,,,,,red,,,float_over,,,,,,,-70.7806523424301,42.2468780726588
137,fb16c342-b602-4b3a-b884-098173579704,8/22/2019 3:09:44 PM,,8/22/2019 3:09:44 PM,,8/22/2019 3:06:00 PM,none,,,,,,,,,,,,float_over,,,,,,,-70.7812871877763,42.2468868317476
138,dda0b227-a563-41f7-b9f4-53269be97414,8/22/2019 3:09:45 PM,,8/22/2019 3:09:45 PM,,8/22/2019 3:05:00 PM,50,,other,Can t see bad visibility ,edge_visible_within_3_meters,,,,,,none,,float_over,,Alex R and Connie ,,,,,-70.7812534087065,42.2470886260665
139,64bddd79-a0d6-4722-84e4-6f37660c5f17,8/22/2019 3:09:45 PM,,8/22/2019 3:09:45 PM,,8/22/2019 3:03:00 PM,25_,,sand,,all_the_same_no_edge,,,,,,none,,float_over,,Connie and Alex R,,25_cm,,,-70.7813961525176,42.2472390812284
140,982afb9d-253d-4f59-a4c6-d5b57d8fe8a8,8/22/2019 3:20:39 PM,,8/22/2019 3:20:39 PM,,8/22/2019 3:19:00 PM,none,,sand,,all_the_same_no_edge,,,,,,,,"float_over,other",Swimming w mask,Rosie,,,,,-70.7810999096234,42.2468345345532
141,8787055d-67aa-42d4-b978-f95564fd931e,8/22/2019 3:24:18 PM,,8/22/2019 3:24:18 PM,,8/22/2019 3:21:00 PM,75,,sand,,edge_visible_within_3_meters,,,,,,,,float_over,,Blake,,,,,-70.7810132213793,42.2469150357185
142,48effced-f88b-48e8-997b-172f4c3dbf65,8/22/2019 3:47:01 PM,,8/22/2019 3:47:01 PM,,8/22/2019 3:24:00 PM,75,,"sand,mud_more_slick_than_sand",,edge_visible_within_3_meters,hermit_crab,,,,,,,float_over,,Blake,,,,,-70.7811687231392,42.2469513651313
143,375668f4-4387-4944-a286-1aca021f8b50,8/22/2019 7:25:28 PM,,8/22/2019 7:25:28 PM,,8/22/2019 6:31:00 PM,none,,,,,,,none_found,,none,none,,,,Blake Marshall,,,,,-70.7933571283433,42.2572080139464
144,6fda44b2-42b1-4478-99fe-cc33a29b23f7,8/22/2019 7:25:28 PM,,8/22/2019 7:25:28 PM,,8/22/2019 6:17:00 PM,none,,sand,,all_the_same_no_edge,,,none_found,,none,none,,"float_over,secci_disk",,Blake Marshall Connie Chapman,,,,,-70.7908042520944,42.2617877601108
145,b61d0b2b-936a-4025-afd7-4ec04659cfe6,8/22/2019 7:25:29 PM,,8/22/2019 7:25:29 PM,,8/22/2019 6:05:00 PM,none,,solid_granite_rock,,,,,,,"air_bladders,brown",,,float_over,,,,,,,-70.7934930828128,42.2579512792102
146,d0a4a395-ce2e-44a8-b926-9c81c024442d,8/22/2019 7:25:29 PM,,8/22/2019 7:25:29 PM,,8/22/2019 5:55:00 PM,50,,,,,periwinkle_snail,,"calciferous_coverage,smaller_than_1_cm,orange",,,,,float_over,,,,,,,-70.7950468362037,42.2570300661421
147,45f7c9d8-2dce-4e20-9760-1e2d11daf9bc,8/22/2019 7:25:30 PM,,8/22/2019 7:25:30 PM,,8/22/2019 5:53:00 PM,50,,,,edge_visible_within_3_meters,,,,,,,,"float_over,gps_waypoint_marked",,,,,,,-70.7949912641857,42.2570120450503
148,4759bfae-562c-4d00-b2a9-05ddb59e69d2,8/22/2019 7:25:31 PM,,8/22/2019 7:25:31 PM,,8/22/2019 5:50:00 PM,25_,,,,edge_visible_within_3_meters,,,,,,,,float_over,,,,,,,-70.7948470954511,42.2570780106282
149,d2c504d7-1e19-4ff1-bdf2-19eef49ac88d,8/22/2019 7:25:31 PM,,8/22/2019 7:25:31 PM,,8/22/2019 5:45:00 PM,none,,,,,,,,,,,,float_over,,,,,,,-70.7937722001884,42.2565894714019
150,cd9aec38-28d8-4ba4-9915-a80d4388a7e6,8/22/2019 7:25:31 PM,,8/22/2019 7:25:31 PM,,8/22/2019 5:42:00 PM,none,,"shells,gravel",,,,,,,,,,float_over,,,,,,,-70.7936883811567,42.2561236890426
151,999b491c-f122-4eb3-8c85-05d6bef44050,8/22/2019 7:25:32 PM,,8/22/2019 7:25:32 PM,,8/22/2019 3:11:00 PM,50,,other,Can’t see,,,,"other,larger_than_1_cm,none_found",,none,,,float_over,,,,,,,-70.7806688547794,42.2469448764271
152,0e0ed312-6b2c-47cf-a14a-9a093c0442a1,8/23/2019 4:33:35 PM,,8/23/2019 4:33:35 PM,,8/23/2019 4:21:00 PM,75,,,,edge_visible_within_3_meters,,,"larger_than_1_cm,orange",,"whitepale,green,lettuce_leafy",,,"float_over,quadrat_observations_by_swimmer",,Rosie ,,,,,-70.776550322837,42.2518667299694
153,df2d9f30-0246-4a90-a14f-013759d642f3,8/23/2019 4:35:50 PM,,8/23/2019 6:13:17 PM,susangbryant_Cohasset,8/23/2019 4:34:00 PM,100,,stony_cobble,,edge_visible_within_3_meters,"flounder,other", Black andw white claws ,,,,,,"float_over,gopro_video_on_quadrat,quadrat_observations_by_swimmer,soil_sample",,,GH016651 and GH026651,,,,-70.7766459603522,42.2519734315968
154,76dee4b7-ec58-4c90-98fa-ab98d6a8f1fa,8/27/2019 8:57:48 PM,,8/27/2019 9:00:12 PM,susangbryant_Cohasset,8/27/2019 8:00:00 PM,100,,"sand,stony_cobble",,all_the_same_no_edge,fish,,,,filamentous red,,,"float_over,gopro_video_on_quadrat",,,GH10001,,,,-70.7763309959621,42.251323509127
155,05f7fd92-7b79-4784-915b-48b77676a5a6,8/29/2019 8:40:07 PM,,8/29/2019 8:40:07 PM,,8/29/2019 8:38:00 PM,1_solo_colonizing_plant,,"sand,clay_harder_than_mud,mud_more_slick_than_sand",,edge_visible_within_3_meters,spider_crab,,,,,solo_colonizing_plant_from_seed,,"float_over,swimmers_in_50_radius_observing",,Rose ,,,,,-70.7813816518251,42.2468106402478
156,92f6c933-3a73-47f9-8abf-5e9bd2ad0c81,8/29/2019 8:42:47 PM,,8/29/2019 8:42:47 PM,,8/29/2019 8:40:00 PM,100,,"sand,mud_more_slick_than_sand",,edge_visible_within_3_meters,,,,,,,,"float_over,swimmers_in_50_radius_observing,wading",,Jacobs,,,,,-70.7813796401683,42.2468276555112
157,e1635640-d402-44b9-8a0e-b1bf3a0d3aea,8/29/2019 8:50:19 PM,,8/29/2019 8:50:19 PM,,8/29/2019 8:49:00 PM,50,,"sand,mud_more_slick_than_sand,clay_harder_than_mud",,edge_visible_within_3_meters,,,calciferous_coverage,,,,,float_over,,Luna,,,,,-70.7814308535967,42.2469939524701
158,352c126b-6c80-4d9d-8507-5d24d25e6848,8/29/2019 8:52:09 PM,,8/29/2019 8:52:09 PM,,8/29/2019 8:51:00 PM,50,,mud_more_slick_than_sand,,edge_visible_within_3_meters,,,,,,,,float_over,,,,,,,-70.7815284189496,42.2469163360468
159,14bc1b89-45bc-4cc3-9361-1d4a4da5ee24,8/29/2019 9:07:08 PM,,8/29/2019 9:07:08 PM,,8/29/2019 8:52:00 PM,100,,,,all_the_same_no_edge,,,"larger_than_1_cm,orange,epiphytes",,,seed_podsbranchiness,,"float_over,swimmers_in_50_radius_observing",,Luna,,,,,-70.7817616873149,42.2473376105002
160,1a8ca78a-b99d-465d-8b84-72a984fb13ff,8/29/2019 9:14:05 PM,,8/29/2019 9:14:05 PM,,8/29/2019 9:09:00 PM,none,,"sand,gravel",,all_the_same_no_edge,"moon_snail,other",Cancer crab ,none_found,,none,none,,float_over,,Luna,,,,,-70.7816236373696,42.2479002457506
161,ca7d2df0-ebf6-423a-9e94-a023b3a14cc0,8/29/2019 9:33:33 PM,,8/29/2019 9:33:33 PM,,8/29/2019 9:29:00 PM,none,,,,all_the_same_no_edge,"hermit_crab,moon_snail",,,,,,,float_over,,Rosie ,6 cm,,,,-70.7820413225,42.2480711866303
162,9ccfd515-ede1-450d-b938-1147b67ecd15,8/29/2019 10:06:19 PM,,8/29/2019 10:06:19 PM,,8/29/2019 9:59:00 PM,100,,shells,,all_the_same_no_edge,,,none_found,,,none,,float_over,,,,,,,-70.7767420221602,42.2520128899884
163,a7030973-e3ec-4453-b0c9-e7f3ded64a97,9/29/2019 12:39:37 PM,,9/29/2019 12:39:37 PM,,9/29/2019 12:39:00 PM,none,,"shells,stony_cobble",,all_the_same_no_edge,,,,,,,,float_over,,Cmi,,,,,-70.7791352932287,42.2468111474401
164,b0b98b01-3c4a-4969-9543-494d013ea36d,9/29/2019 12:45:26 PM,,9/29/2019 12:45:26 PM,,9/29/2019 12:44:00 PM,none,,,,,,,,,,,,float_over,,,,,,,-70.7781745735986,42.2474232932734
165,766ccb8d-8e63-48bb-95c6-4b2a677f35ee,10/1/2019 12:27:18 PM,,10/1/2019 12:27:18 PM,,,none,,,,,,,,,,,,,,,,,,,-70.7817912402462,42.2482729787463
166,05ae9369-6c65-4ed4-9545-215b84777c4d,11/26/2019 9:31:54 PM,,11/26/2019 9:31:54 PM,,11/26/2019 9:31:00 PM,none,,clay_harder_than_mud,,,,,,,,,,wading,,Blue clay ,,,,,-70.7798989307459,42.2463347994075
167,c80ed951-5f24-4000-84d1-57f896be1558,6/4/2020 7:42:10 PM,,6/4/2020 7:42:10 PM,,6/4/2020 7:40:00 PM,none,,other,,,,,,,,,,float_over,,,,,,,-70.7874968629107,42.2253989097471
168,4833d8b2-d2f5-4015-84f2-6604e9a9ea3e,6/22/2020 7:26:04 PM,,6/22/2020 7:26:04 PM,,6/22/2020 7:24:00 PM,none,,other,CSCR ,all_the_same_no_edge,,,,,,,,float_over,,Sb ,,,,,-70.7868929207984,42.2387776337957
169,a395d237-56f1-4f03-8f89-ffed4dc8aa05,6/24/2020 12:46:44 PM,,6/24/2020 12:46:44 PM,,6/24/2020 12:42:22 PM,none,,Sand,,,,,,,,,,Go pro,,"AH,BB,LC,SB",,,,,-70.7806348246079,42.2493613787904
170,6efc3597-65c1-477a-97e4-b21321324a61,6/24/2020 1:29:18 PM,,6/24/2020 1:29:18 PM,,6/24/2020 1:27:00 PM,none,,sand,,edge_visible_within_3_meters,hermit_crab,,,,kelp,,,"float_over,gps_waypoint_marked,swimmers_in_50_radius_observing",,Sb,,,,,-70.7805747338953,42.2493442457866
171,6243d9c7-a789-4e23-afe0-94be91609d82,6/24/2020 1:29:55 PM,lucyayclay_Cohasset2,6/24/2020 1:29:55 PM,lucyayclay_Cohasset2,6/24/2020 1:28:00 PM,none,,sand,,edge_visible_within_3_meters,periwinkle_snail,,,,kelp,,,float_over,,,,,,,-70.7805992025625,42.249349664331
172,4995a1be-9f05-4231-beb9-54f5e71facc6,6/24/2020 1:44:12 PM,,6/24/2020 1:44:12 PM,,6/24/2020 1:42:47 PM,none,,Sand,,,,Jellyfish,,,,,,,,,,,,,-70.7840923592881,42.2501037226447
173,0d44d126-9cfd-4f7f-8408-a89f29bbd589,6/24/2020 1:46:50 PM,lucyayclay_Cohasset2,6/24/2020 1:46:50 PM,lucyayclay_Cohasset2,6/24/2020 1:38:00 PM,none,,sand,,all_the_same_no_edge,,,,,,,,"float_over,gopro_video_on_quadrat",,,,,,,-70.7842260579848,42.2500245385105
174,7c6185eb-db80-40e8-99b3-9121b85c10cf,6/24/2020 1:50:57 PM,,6/24/2020 1:50:57 PM,,6/24/2020 1:50:30 PM,none,,Sand,,,,,,,,,,Go pro ,,,,,,,-70.7839966743373,42.2500632159843
175,727f2d19-8dc5-40ff-8619-f510029d921e,6/24/2020 1:57:31 PM,,6/24/2020 1:57:31 PM,,6/24/2020 1:55:00 PM,none,,sand,,,,,,,,,,float_over,,,,,,,-70.7840712729719,42.2500946313496
176,635c8071-ede9-4934-a4ac-146c9eae33f8,6/25/2020 1:11:50 PM,,6/25/2020 1:11:50 PM,,6/25/2020 1:01:00 PM,none,,,,,,,,,,,,float_over,,Test ,,,,,-70.7870341558669,42.2393244272491
177,4ebd6e5d-c11a-47f4-895b-210cacb9af04,6/25/2020 1:29:28 PM,,6/25/2020 1:29:28 PM,,6/25/2020 1:11:00 PM,none,,,,,,,,,,,,float_over,,Test,,,,6,-70.7864084467951,42.2444709996155
178,9f275487-5160-4430-987b-74bc5eb1a1aa,6/25/2020 1:54:45 PM,,6/25/2020 1:54:45 PM,,6/25/2020 1:37:27 PM,75,,"Rocks,shells(where eelgrass is not growing) sand",,,,Jellyfish ,,,,,,GoPro,,,,,,,-70.7760389429999,42.255057553
179,b97a245f-9fa5-4f85-9477-32731d782e07,6/25/2020 1:58:21 PM,,6/26/2020 4:27:17 PM,susangbryant_CCSCR,6/25/2020 1:57:00 PM,75,,,,,,,,,,,,,,,,,,,-70.7760389429999,42.255057553
180,ff5d47e6-8a0c-430a-9254-367acdd23cad,6/25/2020 2:22:23 PM,lucyayclay_Cohasset2,6/25/2020 2:22:23 PM,lucyayclay_Cohasset2,6/25/2020 2:14:00 PM,none,,,,all_the_same_no_edge,other,jellyfish,,,,,,float_over,,,,,,,-70.775427891883,42.2572780376389
181,ecec3ff5-bb63-4edd-af28-b41ed4bf1f20,6/25/2020 2:28:34 PM,lucyayclay_Cohasset2,6/25/2020 2:28:34 PM,lucyayclay_Cohasset2,6/25/2020 2:22:00 PM,none,,"gravel,shells,other,clay_harder_than_mud",,,,,,,,,,float_over,,,,,,,-70.7762030323441,42.2566070578293
182,b8181014-6ea6-43f3-9511-f4cdf7b098d9,6/26/2020 2:17:08 PM,lucyayclay_Cohasset2,6/26/2020 2:17:08 PM,lucyayclay_Cohasset2,6/26/2020 2:16:00 PM,50,,sand,,edge_visible_within_3_meters,,,,,,,,"float_over,wading,soil_sample,gopro_video_on_quadrat",,,,,,,-70.7802494105535,42.2500358196964
183,7104b8e2-b138-4819-a479-5af7d4266306,6/26/2020 2:21:32 PM,,6/26/2020 2:21:32 PM,,,75,,Sandy,,edge_visible_within_3_meters,,,,,,,,Lead line,Hammer sample ,Brendan,,,,,-70.7799306604095,42.2501029260368
184,c40e8e38-f114-421a-857c-bc4eb66a4391,6/26/2020 2:46:06 PM,lucyayclay_Cohasset2,6/26/2020 2:46:06 PM,lucyayclay_Cohasset2,6/26/2020 2:44:00 PM,none,,"stony_cobble,shells",,all_the_same_no_edge,other,,epiphytes,,,,,float_over,,,,,,,-70.7743038919153,42.2516207488332
185,1bbb24d4-5c49-4449-9722-8e06e23cad2b,6/26/2020 3:10:57 PM,,6/26/2020 4:34:36 PM,susangbryant_CCSCR,6/26/2020 2:37:24 PM,none,,,,edge_visible_within_3_meters,,,,,,,,"2 lead lines: 1 with cream cheese 1 with bacon fat , Canway pinger",Hammer sample,Brendan recorded at second site but might not have sent until third site. Coordinates are wrong and data refers to 2nd site of day?,,,,,-70.7794719132518,42.2486279121107
186,f4d9545e-5d44-44a2-a172-b76acfa086bb,6/26/2020 4:30:16 PM,lucyayclay_Cohasset2,6/26/2020 4:30:16 PM,lucyayclay_Cohasset2,6/26/2020 4:29:00 PM,none,,,,,,,,,,,,float_over,,LC,,,,,-70.7869836988065,42.2387581024764
187,adcd322c-493b-40d1-bfa1-ed619f8df595,6/26/2020 4:31:27 PM,,6/26/2020 4:31:27 PM,,6/26/2020 4:29:00 PM,none,,other,,all_the_same_no_edge,other,,other,,none,none,,gps_waypoint_marked,,BL,,25_cm,2mm,,-70.7869071017048,42.2384767395084
188,4fa53303-27b1-4317-acf9-c4ca205a2622,6/26/2020 4:32:04 PM,,6/26/2020 4:32:04 PM,,6/26/2020 4:31:00 PM,none,,,,,,,,,,,,float_over,,Sb red ,,,,,-70.7869658541162,42.238618027891
189,2b0eebae-01bb-432a-b48b-04d5719e1766,6/26/2020 5:37:51 PM,lucyayclay_Cohasset2,6/26/2020 5:37:51 PM,lucyayclay_Cohasset2,6/26/2020 5:37:00 PM,100,,,,,,,,,,,,float_over,,LC,,,,,-70.7870547972909,42.2388526270513
190,fb97e8d0-ab9d-4d67-b3e3-1ef4d47d5a09,6/26/2020 5:43:40 PM,,6/26/2020 5:43:40 PM,,6/26/2020 5:41:00 PM,100,,,,,,,,,,,,float_over,,Cscr ,,,6mm,,-70.7870277018014,42.2386715608111
191,6f589bf3-3619-4df8-aa1f-e627ab440e32,6/30/2020 5:31:04 PM,,6/30/2020 5:31:04 PM,,6/30/2020 5:09:00 PM,100,,sand,,all_the_same_no_edge,,,,,green,,,"float_over,gopro_video_on_quadrat,soil_sample,underwater_photograph",,187 cm max,Drop cam and GoPro on hoadstick,,,,-70.7812396564987,42.2495323814063
192,eb8c58eb-0f23-4575-9c0f-3da062695393,6/30/2020 5:51:55 PM,,6/30/2020 5:51:55 PM,,6/30/2020 5:50:00 PM,100,,sand,,all_the_same_no_edge,,,,,,,,"float_over,gopro_video_on_quadrat,other,gps_waypoint_marked,underwater_photograph",,Sb,,,,,-70.7809057500962,42.2490283246773
193,bf9eb7b2-1847-4a0d-afe6-c60e27769128,6/30/2020 9:05:13 PM,,6/30/2020 9:05:13 PM,,6/30/2020 9:03:00 PM,none,,gravel,,,,,,,,,,float_over,,,,,,,-70.7781252967478,42.2432701059633
194,49025baa-47e4-4c4f-a394-8e61b355a5f5,7/1/2020 6:21:01 PM,,7/1/2020 6:21:01 PM,,7/1/2020 6:20:00 PM,none,,stony_cobble,,,,,,,,,,float_over,,BL,,,,,-70.7775758325069,42.2554234859136
195,80e06874-8090-4e40-9548-1c475c9cf1f4,7/6/2020 12:12:08 PM,lucyayclay_Cohasset2,7/6/2020 12:12:08 PM,lucyayclay_Cohasset2,7/6/2020 11:58:00 AM,75,,sand,,,,,,,,,,float_over,,,,,,,-70.7814431726592,42.2507720878051
196,3cbaf565-98d3-4dc6-9689-c5cd0d5bd3c3,7/6/2020 12:26:09 PM,lucyayclay_Cohasset2,7/6/2020 12:26:09 PM,lucyayclay_Cohasset2,7/6/2020 12:17:00 PM,1_solo_colonizing_plant,,"sand,shells",,edge_visible_within_3_meters,,,,,,,,float_over,,,,,,,-70.7813020898228,42.2502631014069
197,110fd949-8ea2-45a6-b0e2-014075ae2fbc,7/6/2020 12:36:10 PM,,7/6/2020 12:36:10 PM,,7/6/2020 12:34:00 PM,none,,sand,,,fish,,,,,,,float_over,,,,,,,-70.781191653828,42.2500097276912
198,6f0366b7-770f-4962-9258-fb32d795b395,7/6/2020 12:54:39 PM,,7/6/2020 12:54:39 PM,,7/6/2020 12:43:00 PM,75,,"sand,gravel",,,,,,,,,,float_over,,,,,,,-70.7808419431061,42.2491579592434
199,f892bfd0-1611-451d-b863-435a1188cb40,7/6/2020 12:59:12 PM,,7/6/2020 12:59:12 PM,,7/6/2020 12:58:00 PM,100,,sand,,,,,,,,,,float_over,,,,,,,-70.7808424501556,42.2488296946842
200,64a02c54-67d5-4ee8-a69a-1c4ab08bb995,7/8/2020 12:27:59 PM,,7/8/2020 12:27:59 PM,,7/8/2020 12:27:00 PM,50,,,,,,,,,,,,float_over,,,,,,,-70.7812560070965,42.2478424525282
201,9b0015ba-2fbc-4770-9d13-1a94286d80a0,7/8/2020 12:28:00 PM,,7/8/2020 12:28:00 PM,,7/2/2020 7:23:00 PM,50,,stony_cobble,,edge_visible_within_3_meters,,,"smaller_than_1_cm,larger_than_1_cm,orange,epiphytes",,"filamentous_like_hairfur,red",none,,float_over,,Connie ,,,6mm,7,-70.7754823007349,42.2509702854252
202,f835a92e-7f40-4ba8-a309-338ecfcd56a5,7/8/2020 12:28:01 PM,,7/8/2020 12:28:01 PM,,6/30/2020 5:42:00 PM,100,,,,,,,,,,,,"float_over,other","Pole, drop cam, lead line","Andrew, Lucy, del, max",,,,,-70.780979655749,42.2492654063201
203,5123a0e6-83b0-48b0-95dc-3fc5291c7292,7/8/2020 12:28:02 PM,,7/8/2020 12:28:02 PM,,6/30/2020 5:05:00 PM,100,,sand,,,,,,,,,,"float_over,other","Drop Cam, pole and lead line","Andrew H, Lucy C, Max, Del",On dropcam ,,,,-70.7811571006391,42.2495293105415
204,c039eba8-ba45-4c4e-9c71-bf234943910c,7/8/2020 12:29:00 PM,,7/8/2020 12:29:00 PM,,7/8/2020 12:28:00 PM,50,,,,,,,,,,,,float_over,,,,,,,-70.7806771528635,42.2480615973866
205,1f5adea4-c495-4b30-ad43-ebb95ccd7090,7/8/2020 12:54:34 PM,,7/8/2020 12:54:34 PM,,7/8/2020 12:54:00 PM,50,,,,edge_visible_within_3_meters,,,,,,,,float_over,,,,,,,-70.7800050918672,42.2483141441292
206,bd85a249-60f8-4719-b4e9-fcda1db08db1,7/8/2020 12:56:50 PM,,7/8/2020 12:56:50 PM,,7/8/2020 12:54:00 PM,50,,sand,,,,,,,,,,float_over,,,,,,,-70.7799236197684,42.2483541258073
207,346a230f-497c-4d90-a3cb-5ed5f595b535,7/8/2020 1:07:50 PM,,7/8/2020 1:07:50 PM,,7/8/2020 1:02:00 PM,25_,,"sand,shells",,,,,,,,,,float_over,,,,,,,-70.7784235105578,42.2486909944958
208,91fe46e8-f2de-4335-8cad-8b4a13a49fd3,7/8/2020 1:15:01 PM,,7/8/2020 1:15:01 PM,,7/8/2020 1:14:00 PM,25_,,sand,,,,,,,,,,float_over,,,,,,,-70.7784635760549,42.2481945762804
209,c2af7225-1849-4266-8c9d-c7eb2911a638,7/10/2020 1:36:14 PM,,7/10/2020 1:36:14 PM,,7/10/2020 1:34:00 PM,none,,solid_granite_rock,,all_the_same_no_edge,,,"larger_than_1_cm,orange",,"brown,air_bladders",,,"float_over,wading",,Sb,,,,,-70.7761653026518,42.2485744024966
210,0d7a16dd-fd1d-4fd4-8c75-86e26610d7d0,7/10/2020 1:38:14 PM,,7/10/2020 1:38:14 PM,,7/10/2020 1:36:00 PM,none,,stony_cobble,,all_the_same_no_edge,green_crab,,"larger_than_1_cm,orange",,brown,,,"float_over,wading",,Sb,,,,,-70.7761098493734,42.2485511026177
211,9324d0fa-7f22-4da6-8716-4e9dd104c50a,7/10/2020 1:46:01 PM,,7/10/2020 1:46:01 PM,,7/10/2020 1:44:00 PM,none,,stony_cobble,,,"green_crab,periwinkle_snail,hermit_crab",,none_found,,none,none,,"float_over,gopro_video_on_quadrat,gps_waypoint_marked",,Andrew,,,,,-70.776529116622,42.2485332470781
212,bcbdd8d5-1b00-46f3-85d1-1d81fc29901f,7/10/2020 1:53:34 PM,,7/10/2020 1:53:34 PM,,7/10/2020 1:51:00 PM,none,,stony_cobble,,,,,,,,none,,"float_over,gopro_video_on_quadrat",,Andrew,,,,,-70.777826802871,42.2484535770884
213,2388eae2-96e7-464b-a78a-8139b7d026ae,7/10/2020 2:04:51 PM,,7/10/2020 2:04:51 PM,,7/10/2020 2:01:00 PM,25_,,"sand,shells",,edge_visible_within_3_meters,,,"smaller_than_1_cm,epiphytes",,none,seed_podsbranchiness,,"float_over,gopro_video_on_quadrat,swimmers_in_50_radius_observing",,Andrew ,,,,,-70.7788422704402,42.2486868873632
214,ab7e99b3-aa2e-44f4-bbe3-16eb7825188c,7/10/2020 2:13:57 PM,,7/10/2020 2:13:57 PM,,7/10/2020 2:12:00 PM,none,,sand,,,,,,,red,,,"float_over,swimmers_in_50_radius_observing,gopro_video_on_quadrat",,Andrew ,,,,,-70.77997541993,42.2487139190009
215,1eedd670-a0e9-4ad9-b0c8-c07ce8010e89,7/10/2020 2:23:57 PM,,7/10/2020 2:23:57 PM,,7/10/2020 2:21:00 PM,none,,sand,,,,,,,none,none,,float_over,,Andrew ,,,,,-70.7814119104955,42.2489830200023
216,3fa78e66-84fb-4d2e-a12a-1bc5c079272d,7/10/2020 5:23:36 PM,,7/10/2020 5:23:36 PM,,7/10/2020 5:21:00 PM,none,,other,A hardwood floor,all_the_same_no_edge,other,People,none_found,,none,none,,float_over,,,,,,,-70.7870314736578,42.2386867320558
217,dfa9350c-4234-4e88-b7b4-943c4d43edb4,7/10/2020 6:23:22 PM,,7/10/2020 6:23:22 PM,,7/10/2020 6:18:00 PM,none,,gravel,,all_the_same_no_edge,,,,,,,,float_over,,Sid Sam ,,,,,-70.7785423659447,42.2468170943132
218,28a3d6ad-fe85-4956-9a95-8296354fbae9,7/10/2020 6:33:56 PM,,7/10/2020 6:33:56 PM,,7/10/2020 6:31:00 PM,none,,"gravel,shells",,all_the_same_no_edge,,,,,,,,"float_over,gopro_video_on_quadrat",,Sid Sam ,,,,,-70.7789731957677,42.2466982389262
219,632c10f6-cd0f-4235-bac5-614ba4199de0,7/10/2020 6:37:26 PM,,7/10/2020 6:37:26 PM,,7/10/2020 6:35:00 PM,25_,,"gravel,shells,sand",,edge_visible_within_3_meters,,,,,,,,"float_over,gopro_video_on_quadrat,underwater_photograph",,sAm ,,,,,-70.7797037624482,42.2464849194905
220,c0fd412b-44d2-42c7-9459-51a404e00b7c,7/10/2020 6:42:07 PM,,7/10/2020 6:42:07 PM,,7/10/2020 6:38:00 PM,25_,,,,,hermit_crab,,orange,,,,,float_over,,,,,,,-70.780266104332,42.2463510185874
221,5f4f8aa4-9d45-4629-9e17-c723bf5e7823,7/13/2020 4:02:51 PM,,7/13/2020 4:02:51 PM,,7/13/2020 4:02:00 PM,none,,stony_cobble,,,,,,,,,,float_over,,,,,,,-70.775215581101,42.2534956417295
222,5641069e-371c-40f6-a138-4cf6fdc74211,7/13/2020 4:06:23 PM,,7/13/2020 4:06:23 PM,,7/13/2020 4:04:00 PM,50,,stony_cobble,,edge_visible_within_3_meters,,,,,,,,float_over,,,,,,,-70.7746871934,42.2535336390531
223,15f6f8ae-b9d5-4439-b8c4-ff46ec39fa69,7/13/2020 4:28:01 PM,,7/13/2020 4:28:01 PM,,7/13/2020 4:27:00 PM,75,,stony_cobble,,all_the_same_no_edge,,,,,,,,float_over,,,,,,,-70.7745943762006,42.2536601022008
224,7aaf49a9-bb18-4552-9486-3bd6bc157daa,7/13/2020 4:46:24 PM,,7/13/2020 4:46:24 PM,,7/13/2020 4:45:00 PM,50,,stony_cobble,,edge_visible_within_3_meters,,,,,,,,float_over,,,,,,,-70.7773801267247,42.2533874354851
225,53c04f94-c02b-4983-ab60-1ca81fac9c86,7/13/2020 4:46:57 PM,lucyayclay_Cohasset2,7/13/2020 4:46:57 PM,lucyayclay_Cohasset2,7/13/2020 4:45:00 PM,50,,stony_cobble,,edge_visible_within_3_meters,,,,,,,,float_over,,,,,,,-70.7773245987285,42.2533809183753
226,43834d76-8b1d-4c17-979a-daa7460d9d5f,7/13/2020 5:00:20 PM,,7/13/2020 5:00:20 PM,,7/13/2020 5:00:00 PM,none,,stony_cobble,,all_the_same_no_edge,,,,,,,,float_over,,,,,,,-70.7798642358266,42.2532755015648
227,53bca275-543b-491c-884d-abc93c54356e,7/13/2020 5:01:01 PM,lucyayclay_Cohasset2,7/13/2020 5:01:01 PM,lucyayclay_Cohasset2,7/13/2020 4:55:00 PM,none,,gravel,,,,,,,,,,float_over,,,,,,,-70.7798221613274,42.2532784493242
228,e12d25ea-94d1-46ab-a9fd-4efd6af6ded1,7/13/2020 5:22:33 PM,lucyayclay_Cohasset2,7/13/2020 5:22:33 PM,lucyayclay_Cohasset2,7/13/2020 5:22:00 PM,none,,"stony_cobble,sand",,,,,,,,,,float_over,,,,,,,-70.7849255294227,42.2526960484775
229,29226761-393c-4990-a761-58ba64cd9535,7/15/2020 5:59:39 PM,,7/15/2020 5:59:39 PM,,7/15/2020 5:53:00 PM,100,,other,,all_the_same_no_edge,,,,,,,,float_over,,,,,,,-70.7749700826321,42.253122464793
230,e7ae679e-717d-4938-9375-e4a67a1ef691,7/15/2020 6:00:06 PM,,7/15/2020 6:00:06 PM,,7/15/2020 5:50:00 PM,100,,"sand,gravel",,all_the_same_no_edge,,,"larger_than_1_cm,orange",,"filamentous_like_hairfur,red",none,,"float_over,other",1.5m quadrat,Site 28 150 cm depth big quadrat ,,,,,-70.7748892915548,42.2531092251437
231,3ebd3a8b-4ec4-4541-9bde-ee5401090d77,7/15/2020 6:20:33 PM,,7/15/2020 6:20:33 PM,,7/15/2020 6:13:00 PM,75,,stony_cobble,,edge_visible_within_3_meters,,,,,,,,float_over,,,,,,,-70.7754252199743,42.2522196500024
232,d0f2fe41-8271-4a43-b29c-520a1af44707,7/15/2020 6:55:27 PM,,7/15/2020 6:55:27 PM,,7/15/2020 6:54:00 PM,none,,sand,,,,,,,,,,float_over,,,,,,,-70.7849561144326,42.250669668468
233,e5c22491-b327-4bbb-9987-fe7c24ecf744,7/17/2020 7:12:11 PM,,7/17/2020 7:12:11 PM,,7/17/2020 7:11:00 PM,none,,"sand,mud_more_slick_than_sand",,all_the_same_no_edge,,,,,,,,float_over,,,,,,,-70.781283667377,42.2462715581453
234,d35cc0d0-fbcc-429c-95e4-79b07ebd133c,7/17/2020 7:25:55 PM,,7/17/2020 7:25:55 PM,,7/17/2020 7:25:00 PM,none,,stony_cobble,,all_the_same_no_edge,,,,,,,,float_over,,,,,,,-70.7791868504796,42.2469603829479
235,0ad97f52-849b-481b-8880-92a5d708e70a,7/17/2020 7:46:28 PM,,7/17/2020 7:46:28 PM,,7/17/2020 7:44:00 PM,none,,sand,,,,,,,,,,float_over,,,,,,,-70.7790024486098,42.2477619443482
236,d1cfcd39-39ac-4069-9f4a-38bf2c96a5cf,7/17/2020 8:01:36 PM,,7/17/2020 8:01:36 PM,,7/17/2020 8:00:00 PM,none,,gravel,,,,,,,,,,float_over,,,,,,,-70.7777249627474,42.2481017047933
237,663fff98-b94c-482c-b84e-8e095abd2752,7/17/2020 8:04:17 PM,,7/17/2020 8:04:17 PM,,7/17/2020 8:04:00 PM,none,,"gravel,stony_cobble",,,,,,,,,,float_over,,,,,,,-70.7777245436523,42.2481009923315
238,2060aa7d-121d-4b1b-a12e-95746612490a,7/17/2020 8:51:11 PM,,7/17/2020 8:51:11 PM,,7/17/2020 8:47:00 PM,75,,"gravel,stony_cobble",,,,,,,,,,float_over,,,,,,,-70.7750342041913,42.2502947040296
239,9be29052-0880-45cd-bf29-ed02b7e73588,7/20/2020 9:45:34 PM,,7/20/2020 9:45:34 PM,,7/20/2020 9:27:00 PM,25_,,"mud_more_slick_than_sand,other",On lead line mud but from boat and swimmer cobble and gravel,edge_visible_within_3_meters,,,,,filamentous_like_hairfur,none,,"float_over,quadrat_observations_by_swimmer,swimmers_in_50_radius_observing,soil_sample,plant_sample_collected_for_lab,gopro_video_on_quadrat,gps_waypoint_marked,underwater_photograph,wading",,Del,,,,,-70.7750225533459,42.2516402090362
240,2e62b7dd-2061-483e-be2e-d778d5e5f425,7/20/2020 10:19:19 PM,,7/20/2020 10:19:19 PM,,7/20/2020 10:09:00 PM,none,,"sand,shells",,all_the_same_no_edge,,,none_found,,filamentous_like_hairfur,none,,"gopro_video_on_quadrat,plant_sample_collected_for_lab,swimmers_in_50_radius_observing,secci_disk,wading,gps_waypoint_marked",,Del,,,,,-70.7870826870862,42.2527956124789
241,448639ef-6d38-4856-ab3a-a3f9242780a5,7/20/2020 10:38:03 PM,,7/20/2020 10:38:03 PM,,7/20/2020 10:30:00 PM,75,,"stony_cobble,gravel,sand",,edge_visible_within_3_meters,periwinkle_snail,,smaller_than_1_cm,,filamentous_like_hairfur,none,,"float_over,soil_sample,wading,swimmers_in_50_radius_observing,gopro_video_on_quadrat,plant_sample_collected_for_lab,gps_waypoint_marked,quadrat_observations_by_swimmer",,Del,,100_cm,,8,-70.785187119684,42.254495294804
242,11c212f8-7342-4d26-9373-9a2865cd82a2,7/20/2020 10:59:12 PM,,7/20/2020 10:59:12 PM,,7/20/2020 10:58:00 PM,100,,,,,,,,,filamentous_like_hairfur,,,float_over,,,,,,,-70.7747695875082,42.2541982401556
243,232995e7-b8e8-48a5-bf56-f6c1988d2092,7/21/2020 12:16:41 AM,,7/21/2020 12:16:41 AM,,7/21/2020 12:15:00 AM,none,,,,,,,,,,,,float_over,,Sb,,,,,-70.786986881933,42.238671309354
244,004ebd0c-14d3-487b-8344-06a4623eb241,7/22/2020 11:41:18 AM,,7/22/2020 11:41:18 AM,,7/22/2020 11:40:00 AM,none,,gravel,,,,,,,,,,float_over,,,,,,,-70.7806845600449,42.2518778555465
245,79183bc1-2d67-4f52-977f-8f01c956171f,7/22/2020 11:41:53 AM,,7/22/2020 11:41:53 AM,,7/22/2020 11:41:00 AM,none,,gravel,,,,,,,,,,float_over,,,,,,,-70.7805992623627,42.2518860691708
246,38eaeccb-e249-44b6-a995-32e42d949019,7/22/2020 12:05:44 PM,,7/22/2020 12:05:44 PM,,7/22/2020 12:03:00 PM,50,,stony_cobble,,,,,,,,,,float_over,,,,100_cm,6mm,8,-70.7799638529036,42.2539013950548
247,7267a3b1-31af-45a0-a8fb-28169ac0ee21,7/22/2020 12:25:05 PM,,7/22/2020 12:25:05 PM,,7/22/2020 12:24:00 PM,50,,"sand,shells",,,,,,,,,,float_over,,,,,,,-70.7806017157349,42.2479519201836
248,7b56ef17-6603-4a1f-b926-10d83898a49a,7/22/2020 12:31:01 PM,,7/22/2020 12:31:01 PM,,7/22/2020 12:30:00 PM,50,,sand,,,,,,,,,,float_over,,,,,,,-70.7807792708404,42.2476860088155
249,b1a054e4-1380-403a-8bba-d9625e93fc85,7/22/2020 12:31:57 PM,,7/22/2020 12:31:57 PM,,7/22/2020 12:29:00 PM,50,,"sand,shells",,,,,,,,,,float_over,,,,,,,-70.7807940804127,42.2476902371666
250,3392e271-ccf4-4752-8a25-f5ed9579e20d,7/22/2020 12:38:27 PM,,7/22/2020 12:38:27 PM,,7/22/2020 12:35:00 PM,50,,sand,,edge_visible_within_3_meters,,,none_found,,"filamentous_like_hairfur,brown",second_shoots_from_rhizomes,,"float_over,gopro_video_on_quadrat,plant_sample_collected_for_lab,gps_waypoint_marked,underwater_photograph",,Sb,Site 43,50_cm,4mm,9,-70.7807857823286,42.247703103388
251,58236abe-53f6-4265-b637-9a685b705a34,7/22/2020 3:05:40 PM,,7/22/2020 3:05:40 PM,,7/22/2020 3:00:00 PM,none,,"sand,mud_more_slick_than_sand",,,,,,,,,,float_over,,,,,,,-70.7761870511535,42.2491874127111
252,9d27a813-1004-4190-8ee4-6c0926ad3fe1,7/22/2020 3:10:37 PM,,7/22/2020 3:10:37 PM,,7/22/2020 3:09:00 PM,100,,"sand,mud_more_slick_than_sand,shells",,edge_visible_within_3_meters,,,,,,,,float_over,,,,,,,-70.7745134365473,42.2514985967821
253,27ebd344-674f-4e73-b856-30d02f481821,7/22/2020 3:23:03 PM,,7/22/2020 3:23:03 PM,,7/22/2020 3:21:00 PM,75,,,,all_the_same_no_edge,,,"orange,smaller_than_1_cm",,none,seed_podsbranchiness,,float_over,,,,,,,-70.7754781097833,42.2513565235233
254,87ffd27e-2609-4df1-8c57-b8e66697a9c4,7/22/2020 5:25:32 PM,,7/22/2020 5:25:32 PM,,7/22/2020 3:36:00 PM,none,,,,,,,,,,,,float_over,,,,,,5,-70.7754701469753,42.251421818549
255,2dccaeee-9416-44eb-ab01-bd8e73f8d3ce,7/24/2020 12:46:05 PM,,7/24/2020 12:46:05 PM,,7/24/2020 12:27:00 PM,other,>1 percent coverage density ,"sand,gravel,other,shells",Cobble,edge_visible_within_3_meters,spider_crab,,"other,larger_than_1_cm",Pariwinkels ,none,none,,"float_over,gopro_video_on_quadrat",,,,75_cm,4mm,8,-70.7768289372984,42.2501834761745
256,05972832-7032-4335-85c8-868bf75559da,7/24/2020 12:47:35 PM,,7/24/2020 12:47:35 PM,,7/24/2020 12:46:00 PM,1_solo_colonizing_plant,,,,,,,,,,,,float_over,,,,,,,-70.7769932226006,42.2502415627635
257,af462fd8-4394-4227-ae7b-d52942384a8d,7/24/2020 1:15:02 PM,,7/24/2020 1:15:02 PM,,7/24/2020 1:00:00 PM,100,,"gravel,sand",,all_the_same_no_edge,other,Paroywinkle (snail),"larger_than_1_cm,orange,other",Dark brown ,none,none,,"float_over,gopro_video_on_quadrat",,,,100_cm,6mm,4,-70.7764890511248,42.2519697435594
258,c891855a-6481-4781-ad6e-5d531851edd2,7/24/2020 1:18:52 PM,,7/24/2020 1:18:52 PM,,7/24/2020 1:15:00 PM,100,,,,,,,,,,,,float_over,,,,,,,-70.776508078045,42.2528256196922
259,75d5f731-8375-4632-8fb0-a1e46156a4bc,7/24/2020 1:34:32 PM,,7/24/2020 1:34:32 PM,,7/24/2020 1:19:00 PM,100,,"gravel,other","Kelp, cobble ",edge_visible_within_3_meters,"other,spider_crab",None,"other,larger_than_1_cm",Brown mustard yellow ,none,other,Pads with turnicites,float_over,,,,100_cm,6mm,4,-70.7762591355208,42.2529507615066
260,d239a1be-81ff-46d4-92c8-7936e7a23e8e,7/24/2020 1:58:54 PM,,7/24/2020 1:58:54 PM,,7/24/2020 1:41:00 PM,other,>100%,"sand,shells",,all_the_same_no_edge,other,None,"larger_than_1_cm,other",Green ,none,seed_podsbranchiness,,float_over,,,,100_cm,4mm,6,-70.7756749168697,42.2550339159018
261,ec9a8efd-825f-402d-b34b-960e6b573936,7/24/2020 2:19:53 PM,,7/24/2020 2:19:53 PM,,7/24/2020 2:04:00 PM,25_,,"other,shells",Cobble ,edge_visible_within_3_meters,other,None ,none_found,,"kelp,brown",none,,float_over,,,,100_cm,,,-70.7748709247175,42.2561347531548
262,cf58f3dd-2bc3-44e4-961d-791034dd4c21,7/27/2020 3:06:00 PM,,7/27/2020 3:06:00 PM,,7/27/2020 3:04:00 PM,none,,"shells,gravel",,,,,,,filamentous_like_hairfur,,,float_over,,,,,,,-70.7856277563337,42.2495674901104
263,c77057b5-86da-45ae-9d9e-14b4158891fb,7/27/2020 3:06:08 PM,,7/27/2020 3:06:08 PM,,7/27/2020 3:04:00 PM,none,,"shells,gravel",,,,,,,filamentous_like_hairfur,,,float_over,,,,,,,-70.785599425501,42.2496454837194
264,ac1c8c2f-6165-40f6-a587-2ccd63aa9e3e,7/27/2020 3:33:32 PM,,7/27/2020 3:33:32 PM,,7/27/2020 3:26:00 PM,none,,sand,,,,,none_found,,none,none,,"float_over,gopro_video_on_quadrat,gps_waypoint_marked,other",Lead line,"Carl, Andre,Beck, Andrew, lucy",,,,,-70.7872363273714,42.2555785719699
265,0fec60cd-faa5-476e-aa68-c3baec984c7c,7/27/2020 3:53:21 PM,,7/27/2020 3:53:21 PM,,7/27/2020 3:52:00 PM,none,,"gravel,shells",,,,,,,,,,"float_over,gps_waypoint_marked",,,,,,,-70.7827427890811,42.2553816391549
266,aa708b3a-262c-4aa0-8c94-20878acf6750,7/27/2020 3:57:35 PM,,7/27/2020 3:57:35 PM,,7/27/2020 3:53:00 PM,none,,gravel,,,,,,,filamentous_like_hairfur,none,,"float_over,gps_waypoint_marked",,"Carl, Andrew, Andre, Lucy, Beck ",,,,,-70.7826945931379,42.25537945986
267,2864fb4f-83df-4d2b-8e75-8deda23380cd,7/27/2020 4:16:12 PM,,7/27/2020 4:16:12 PM,,7/27/2020 4:12:00 PM,none,,sand,,,,,none_found,,none,none,,"float_over,quadrat_observations_by_swimmer",,"Andrew, Carl Beck Andre Lucy",,,,,-70.7841465064052,42.2491174238196
268,3473a175-1c88-4063-8484-fb7b58bb7c3a,7/27/2020 4:32:46 PM,,7/27/2020 4:32:46 PM,,7/27/2020 4:29:00 PM,none,,stony_cobble,,,,,,,none,none,,float_over,,Andrew Carl Beck Lucy Andre ,,,,,-70.7789155282739,42.2471475089362
269,d0a7e7a6-dc7b-4ed3-92be-3016899346e4,7/27/2020 4:49:57 PM,,7/27/2020 4:49:57 PM,,7/27/2020 4:46:00 PM,none,,"clay_harder_than_mud,gravel,stony_cobble",,all_the_same_no_edge,,,,,"lettuce_leafy,filamentous_like_hairfur,kelp,green",,,float_over,, CArl          ,,,,,-70.7789359033871,42.2476465888349
270,0f81fa14-c56a-4f1f-98b3-d335e06ad598,7/27/2020 5:02:57 PM,,7/27/2020 5:02:57 PM,,7/27/2020 5:01:00 PM,none,,"clay_harder_than_mud,shells",,,,,,,,,,float_over,,,,,,,-70.7789143548075,42.2476812685302
271,e6cbbe70-f528-483b-8d19-cb80bb3586d4,7/27/2020 5:04:30 PM,,7/27/2020 5:04:30 PM,,7/27/2020 5:04:00 PM,none,,"shells,clay_harder_than_mud,gravel",,,,,,,,,,float_over,,,,,,,-70.7788933162305,42.2477344097963
272,daa3f7eb-537e-4fd4-a3e7-9f7fcfbc3292,7/29/2020 5:11:05 PM,,7/29/2020 5:11:05 PM,,7/29/2020 5:08:00 PM,25_,,gravel,,,,,,,,,,float_over,,,,,,,-70.777673581681,42.2517127963176
273,313276ff-35fd-4491-90ce-5774d7f193bc,7/29/2020 5:33:43 PM,,7/29/2020 5:33:43 PM,,7/29/2020 5:19:00 PM,75,,"stony_cobble,gravel",,,,,,,,,,float_over,,,,,,,-70.7773647085491,42.2528023599109
274,faee4f09-f999-4b5f-b354-9a53f1a780ae,7/29/2020 5:38:37 PM,,7/29/2020 5:38:37 PM,,7/29/2020 5:36:00 PM,other,Not sure but eelgrass pulled up by anchor,,,,,,,,,,,float_over,,Andrew ,Anchor of site 56,,,,-70.7779280562613,42.2526568500719
275,89a10084-5964-45c5-931f-e31a20d0cf6e,7/29/2020 6:10:00 PM,,7/29/2020 6:10:00 PM,,7/29/2020 5:34:00 PM,none,,,,,other,Worm wit da legs,,,,,,float_over,,,,,,,-70.777216265044,42.25271414038
276,d44545c7-9fc7-46d5-be03-f271d40efa09,7/29/2020 6:12:03 PM,,7/29/2020 6:12:03 PM,,7/29/2020 6:11:00 PM,none,,stony_cobble,,,,,,,,,,float_over,,,,,,,-70.7850970980439,42.2543558618447
277,c35517ea-3690-4277-8f02-ac36550903a6,7/29/2020 6:22:59 PM,,7/29/2020 6:22:59 PM,,7/29/2020 6:14:00 PM,25_,,stony_cobble,,,,,,,,,,float_over,,,,,,,-70.7851573639277,42.2544020880407
278,0ff400cc-1a65-4fe9-a8d7-d137b156b5c1,7/29/2020 7:07:12 PM,,7/29/2020 7:07:12 PM,,7/29/2020 6:46:00 PM,50,,"sand,mud_more_slick_than_sand",,,,,,,,,,float_over,,,,,,,-70.7809540071253,42.2470357362574
279,2f0899e8-a48d-4cbc-bdab-db311b8313fc,7/29/2020 7:13:31 PM,,7/29/2020 7:13:31 PM,,7/29/2020 7:09:00 PM,50,,,,,,,,,,,,float_over,,,,,,,-70.7812892832521,42.2471827548391
280,6ad91b30-476e-4e7f-9ee0-b60c251a27f3,7/31/2020 4:21:14 PM,,7/31/2020 4:21:14 PM,,7/31/2020 4:17:00 PM,none,,sand,,,green_crab,,,,,,,float_over,,BAM,,,,,-70.7772963122192,42.2435807576796
281,cba21f08-d23c-478e-ac7c-a017e232e253,7/31/2020 7:07:00 PM,,7/31/2020 7:07:00 PM,,7/31/2020 6:53:00 PM,75,,"sand,gravel",,edge_visible_within_3_meters,,,,,,,,float_over,,,,,,,-70.777195349437,42.251594170786
282,51dd357a-fd37-47c0-af05-6a52a576f33b,7/31/2020 7:35:44 PM,,7/31/2020 7:35:44 PM,,7/31/2020 7:29:00 PM,100,,solid_granite_rock,,,,,,,,,,float_over,,,,100_cm,,,-70.7777799399428,42.2537719655384
283,d46fa164-0a50-41a7-a102-1a89a5c6dddc,8/3/2020 9:14:17 PM,,8/3/2020 9:14:17 PM,,8/3/2020 9:13:00 PM,50,,sand,,edge_visible_within_3_meters,,,,,,,,float_over,,,,,,,-70.7788845990512,42.2534920229039
284,b672c2f0-a924-4f87-9c47-6c1a0f8f524f,8/3/2020 9:19:25 PM,,8/3/2020 9:19:25 PM,,8/3/2020 9:16:00 PM,50,,,,,,,,,,,,float_over,,,,75_cm,6mm,5,-70.7782208361391,42.2534707747793
285,dfebf8c2-5e19-469f-ab17-73eb9bc521f3,8/3/2020 9:30:24 PM,,8/3/2020 9:30:24 PM,,8/3/2020 9:22:00 PM,75,,gravel,,edge_visible_within_3_meters,,,larger_than_1_cm,,,,,"float_over,gps_waypoint_marked,quadrat_observations_by_swimmer,soil_sample",,,,100_cm,6mm,6,-70.7770134229872,42.2537984233743
286,f151e499-1853-4155-b843-174befa088ca,8/3/2020 9:39:00 PM,,8/3/2020 9:39:00 PM,,8/3/2020 9:37:00 PM,100,,gravel,,all_the_same_no_edge,,,larger_than_1_cm,,,,,float_over,,,,,,,-70.775358332387,42.2538510617262
287,efcd0f23-73d3-4250-a505-71e7d254ddac,8/6/2020 11:24:46 AM,susangbryant_Cohasset,8/6/2020 11:24:46 AM,susangbryant_Cohasset,8/6/2020 11:24:00 AM,25_,,"stony_cobble,shells",,edge_visible_within_3_meters,,,,,,,,float_over,,,,,,,-70.7766001392423,42.2496206215437
